post_id,subreddit,word_count,text,score,created_utc,text_clean,llm_category,llm_reasoning,other_subtheme
duy5bb,Sleepparalysis,38,Artwork I made several years ago of my childhood SP demon. I grew up in a railroad apartment and my bedroom had no door. I used to see this thing weekly staring at me from the dark hallway.,717,1573503113.0,Artwork I made several years ago of my childhood SP demon. I grew up in a railroad apartment and my bedroom had no door. I used to see this thing weekly staring at me from the dark hallway.,INTRUDER,"The narrative centers on repeatedly seeing a demonic presence staring from the hallway, emphasizing a sensed intruder.",
gyvwgp,Sleepparalysis,132,"raped by sleep paralysis demon
I’ve experienced sleep paralysis for years and have never told a soul what actually occurs during the episodes until now. Your typical sleep paralysis I would presume, I’m unable to move or speak, hard to breathe. I see a shadow figure/demon in the corner of my room that paces back and forth between the wall and my bed. But more than a handful of times I’ve been sexually assaulted by the demon. By sexually assaulted I mean full on brutally raped. I’m unable to move, or yell out and it’s occurred while other people are sleeping in the same room as me and they say I was sound asleep. I’m justhere to see if anyone had ever experienced a sleep demon rape? Sounds crazy saying it aloud.",198,1591607156.0,"raped by sleep paralysis demon I’ve experienced sleep paralysis for years and have never told a soul what actually occurs during the episodes until now. Your typical sleep paralysis I would presume, I’m unable to move or speak, hard to breathe. I see a shadow figure/demon in the corner of my room that paces back and forth between the wall and my bed. But more than a handful of times I’ve been sexually assaulted by the demon. By sexually assaulted I mean full on brutally raped. I’m unable to move, or yell out and it’s occurred while other people are sleeping in the same room as me and they say I was sound asleep. I’m justhere to see if anyone had ever experienced a sleep demon rape? Sounds crazy saying it aloud.",INTRUDER,"The narrative centers on a sensed demonic presence that assaults the narrator, with the intruder being the primary focus",
fcugmw,Sleepparalysis,236,"Tried to ask my Google Home for help during SP episode and got a cryptic reply from it.
I don't get sleep paralysis often, maybe once or twice a month. (wait is that considered often?) And every time I do it's when I sleep on my side. This time, luckily enough, I was facing the wall when the episode started. I don't think I was dreaming before it started I just remember waking up and not being able to move and thinking ""oh great sleep paralysis again."" After what felt like 30 minutes of laying there trying to scream ""help,"" I remembered I had a google home speaker in the room with me. I tried saying ""ok google how do you snap out of sleep paralysis?"" Then I heard it say something like ""message from wife ...\[jarbled noises\] death... long time.."", to which I attempted to reply ""ok google shut the fuck up,"" because I realized that it would only make the SP worse. Apparently it didn't like that retort because it felt the need to clarify what it just said. It then said ""This message is from your wife. You need to understand that you're going to die, and be dead for a long time."" I don't even have a wife. The scariest part of the whole thing was that the google home still had its normal unemotional robot voice the whole time. Fucking creepy.",172,1583241627.0,"Tried to ask my Google Home for help during SP episode and got a cryptic reply from it. I don't get sleep paralysis often, maybe once or twice a month. (wait is that considered often?) And every time I do it's when I sleep on my side. This time, luckily enough, I was facing the wall when the episode started. I don't think I was dreaming before it started I just remember waking up and not being able to move and thinking ""oh great sleep paralysis again."" After what felt like 30 minutes of laying there trying to scream ""help,"" I remembered I had a google home speaker in the room with me. I tried saying ""ok google how do you snap out of sleep paralysis?"" Then I heard it say something like ""message from wife ...\[jarbled noises\] death... long time.."", to which I attempted to reply ""ok google shut the fuck up,"" because I realized that it would only make the SP worse. Apparently it didn't like that retort because it felt the need to clarify what it just said. It then said ""This message is from your wife. You need to understand that you're going to die, and be dead for a long time."" I don't even have a wife. The scariest part of the whole thing was that the google home still had its normal unemotional robot voice the whole time. Fucking creepy.",OTHER,"The narrative focuses on a disturbing auditory hallucination from a device, without a sensed presence, chest pressure, or movement sensations.",Auditory/Vibrational
pb8mqw,Sleepparalysis,94,"Loud ringing in ears during sleep paralysis?
I just woke up from my third or fourth experience of sleep paralysis, or at least I’m pretty sure it was that and not a bad dream. 

Anyway, throughout the whole experience, there was a loud ringing noise in my ears, like tinnitus but  deafening. It would get louder if I tried to move, but I’d always still be able to hear the YouTube video I had playing.

This didn’t happen the last times I got sleep paralysis, so I’m wondering if anyone else has experienced this?",152,1629888016.0,"Loud ringing in ears during sleep paralysis? I just woke up from my third or fourth experience of sleep paralysis, or at least I’m pretty sure it was that and not a bad dream. Anyway, throughout the whole experience, there was a loud ringing noise in my ears, like tinnitus but deafening. It would get louder if I tried to move, but I’d always still be able to hear the YouTube video I had playing. This didn’t happen the last times I got sleep paralysis, so I’m wondering if anyone else has experienced this?",OTHER,"The narrative focuses on a loud ringing sound without any intruder, chest pressure, or movement sensations.",Auditory/Vibrational
kc8aia,Sleepparalysis,34,"Anything sillier than waking up from SP and being like: that sucked, guess I’ll fall back asleep? Then you proceed to fall DIRECTLY into SP again.
It’s like you’re shutting off just your body.",151,1607854568.0,"Anything sillier than waking up from SP and being like: that sucked, guess I’ll fall back asleep? Then you proceed to fall DIRECTLY into SP again. It’s like you’re shutting off just your body.",OTHER,"The narrative only describes repeatedly entering sleep paralysis without mention of an intruder, chest pressure, or vestibular sensations.",Vague/Unclear
l6v4cx,Sleepparalysis,413,"Stop fucking talking astral projection
I’ve been dealing with recurrent SP for my entire life. The first episode I clearly remember I was about 5 years old, I’m currently 33. I have learned a couple “tricks” to get myself out of it but they don’t always work and long story really really short it’s fucking horrible and never gets less horrible. I am less terrified AFTER than when I was a little kid, but just as terrified during. Even though I know what’s happening. I had a really bad ep this morning. 

So anyway I come to this sub and it really fucking bothers me the ppl talking about trying to INDUCE SP or talking about astral projection and shit like that. It goes against the rules of the sub for one thing and it’s moronic. 

Anyway maybe I’m just cranky from my episode this morning and yelling at internet strangers who won’t read it, but yeah I’m gate keeping right now. This shit is not fun, or mystical, it’s a medical condition and it’s terrifying and traumatic. So just get the hell outta here.

ETA: I posted this as a comment below but I’ll post it here too. Like I said I posted this early in the morning and was feeling very raw (this is actually mentioned in the About section as well). And no, they are not all terrifying. But dealing with it for my entire life has been traumatic, as I’m sure many other people would say.

I’ve had hundreds, maybe thousands of episodes in my life. Since I’ve been dealing with this since I was a child I can usually center myself and either wait it out, or snap myself out of it with enormous effort. That’s the majority of episodes. There have been some that have more akin to pleasant lucid dreaming, and some that were so terrifying I actually vomited when I finally broke out of it. But my point is and was that I and many others have a sleep disorder. The rules of this sub state that is a place for sufferers of this disorder and other interested parties. It IS NOT a place for people who are into parasomnia, lucid dreaming, and astral projection as a hobby. It’s just not. If that’s what a person is into, whatever. But there are other subs for them. I snapped today because this is not a once in a while thing. The sub has been completely overrun.",137,1611835800.0,"Stop fucking talking astral projection I’ve been dealing with recurrent SP for my entire life. The first episode I clearly remember I was about 5 years old, I’m currently 33. I have learned a couple “tricks” to get myself out of it but they don’t always work and long story really really short it’s fucking horrible and never gets less horrible. I am less terrified AFTER than when I was a little kid, but just as terrified during. Even though I know what’s happening. I had a really bad ep this morning. So anyway I come to this sub and it really fucking bothers me the ppl talking about trying to INDUCE SP or talking about astral projection and shit like that. It goes against the rules of the sub for one thing and it’s moronic. Anyway maybe I’m just cranky from my episode this morning and yelling at internet strangers who won’t read it, but yeah I’m gate keeping right now. This shit is not fun, or mystical, it’s a medical condition and it’s terrifying and traumatic. So just get the hell outta here. ETA: I posted this as a comment below but I’ll post it here too. Like I said I posted this early in the morning and was feeling very raw (this is actually mentioned in the About section as well). And no, they are not all terrifying. But dealing with it for my entire life has been traumatic, as I’m sure many other people would say. I’ve had hundreds, maybe thousands of episodes in my life. Since I’ve been dealing with this since I was a child I can usually center myself and either wait it out, or snap myself out of it with enormous effort. That’s the majority of episodes. There have been some that have more akin to pleasant lucid dreaming, and some that were so terrifying I actually vomited when I finally broke out of it. But my point is and was that I and many others have a sleep disorder. The rules of this sub state that is a place for sufferers of this disorder and other interested parties. It IS NOT a place for people who are into parasomnia, lucid dreaming, and astral projection as a hobby. It’s just not. If that’s what a person is into, whatever. But there are other subs for them. I snapped today because this is not a once in a while thing. The sub has been completely overrun.",OTHER,"The narrative describes distress about sleep paralysis without detailing intruder, chest pressure, or vestibular sensations.",Vague/Unclear
eztzqj,Sleepparalysis,33,"Um...thanks?
‪so last night, I was having an episode of S.P. and my sleep paralysis demon was giving me a motivational speech about how hard I’ve worked and that I should rest. ‬",130,1581003272.0,"Um...thanks? ‪so last night, I was having an episode of S.P. and my sleep paralysis demon was giving me a motivational speech about how hard I’ve worked and that I should rest. ‬",INTRUDER,"The story focuses on a sensed entity (the demon) speaking, with no mention of chest pressure or movement.",
i9mwx5,Sleepparalysis,212,"I scared my fiancé this morning because I was whispering numbers while I was having sleep paralysis.
I’ve had sleep paralysis on and off for years now and last night was the first time I’ve had it in months. 

I had really bad sleep paralysis last night after having a dream I was on a boat in the dark ocean. I started to come out of the dream and my body froze while I was half awake. I couldn’t see anything in the room but I felt someone lean into my ear with the deepest voice I’ve ever heard and start whispering numbers in my ear. They sounded angry. I don’t know why but I started repeating the numbers they were saying, over and over.

Eventually I gained control of my body again and woke up to see my fiancé standing at the edge of my bed, freaked out. She was getting ready for work and she said (in her words):

“What the hell were you just doing? You were saying all these random numbers and you sounded like you were trying to summon a demon” 

I told her I was having sleep paralysis and she just kinda shrugged it off. Probably my top 3 weirdest sleep paralysis experiences I’ve ever had.",117,1597415160.0,"I scared my fiancé this morning because I was whispering numbers while I was having sleep paralysis. I’ve had sleep paralysis on and off for years now and last night was the first time I’ve had it in months. I had really bad sleep paralysis last night after having a dream I was on a boat in the dark ocean. I started to come out of the dream and my body froze while I was half awake. I couldn’t see anything in the room but I felt someone lean into my ear with the deepest voice I’ve ever heard and start whispering numbers in my ear. They sounded angry. I don’t know why but I started repeating the numbers they were saying, over and over. Eventually I gained control of my body again and woke up to see my fiancé standing at the edge of my bed, freaked out. She was getting ready for work and she said (in her words): “What the hell were you just doing? You were saying all these random numbers and you sounded like you were trying to summon a demon” I told her I was having sleep paralysis and she just kinda shrugged it off. Probably my top 3 weirdest sleep paralysis experiences I’ve ever had.",INTRUDER,"The core of the narrative is the sensed presence whispering numbers in the ear, indicating an intruder rather than chest pressure or movement.",
99wrfk,Sleepparalysis,654,"For people suffering because of Sleep Paralysis. I've had more than a thousand of them and here's my experience.
I've had sleep paralysis well over a thousand times and this is my experience. I hope it can help some of you.

Sleep Paralysis is only scary because you're scared, you feed it fear and it becomes worse but it's all because of your fear.

Sleep paralysis is there for your protection, it's your guardian angel against self-inflicted harm caused by acting out your dreams.

When the fear is gone it turns into a wonderful experience of joy and a great launching pad into lucid dreams.

Sleep paralysis is a blessing in disguise, the fear is a challenge you need to deal and when you overcome it you'll have grown as a person and oneironaut.

Conquer the fear, take control over your sleep paralysis and travel the dream worlds.

Well first what do I do when sp happens? What I do now is to relax into them, place and focus on them and mentally surf the waves of vibration.

But to get to this point I've spent many many sp in fear because I didn't know what was happening and I too saw ""demons"" and felt ""evil presences"" but this was because I didn't know that I was the one creating everything through my fear of it. Nothing scary you experience is real, it's all a manifestation of your emotions.

The key here is reducing the fear and going in with a positive mindset.

I'll try to explain why it's often scary because if you understand how it works then there's no reason to be scared of it.

For most people, me included, the reason why sp is often a scary experience at first is because of the mindset. It's often because of two things. It can be because you've read about all the scary things you'll experience during sp. This is a self-fulfilling prophecy. Because then you'll say that you had a scary experience and then you give someone the same mindset and so it repeats over and over again with new people reading about it.

The second way generally, for people that never heard about sp before is the primal Fear of the unknown(Fotu) and the brain making assumptions. This is multilayered and affects everything to some degree. So, it often happens when it's dark in the room. Fotu. You discover that you can't move, and it's dark. Your mind tries to find an explanation and what it comes up with is that something must be holding you down, it focuses on that and suddenly you can see or see some evil thing holding you down. You mind creates something that will match what you're feeling. If you fear this imaginary(but very realistic) thing then your mind makes it even scarier and so you have an negative spiral of fear that amplifies itself each time.

Realizing that nothing you are is real and its just your mind and imagination playing tricks on you, combined with the understanding that sleep paralysis is there to protect you. It made my experience of it much less scary, and I realized that was because I no longer feared it as much. And that realization itself, every time made the experience less scary and more positive.

After a while the fear was all gone and now without the scary things there to bother me I instead starting feeling excited about experiencing it and now instead I was in a positive spiral that made the experience better and better each time. So unless I'm stressed and feeling bad already I almost never experience sleep paralysis as a bad anymore.

Now it's no longer an exhausting experience that ruins my day but instead it's a great experience that actually gives me a boost of energy and a good mood for several hours if not the whole day after it happens.",119,1535111661.0,"For people suffering because of Sleep Paralysis. I've had more than a thousand of them and here's my experience. I've had sleep paralysis well over a thousand times and this is my experience. I hope it can help some of you. Sleep Paralysis is only scary because you're scared, you feed it fear and it becomes worse but it's all because of your fear. Sleep paralysis is there for your protection, it's your guardian angel against self-inflicted harm caused by acting out your dreams. When the fear is gone it turns into a wonderful experience of joy and a great launching pad into lucid dreams. Sleep paralysis is a blessing in disguise, the fear is a challenge you need to deal and when you overcome it you'll have grown as a person and oneironaut. Conquer the fear, take control over your sleep paralysis and travel the dream worlds. Well first what do I do when sp happens? What I do now is to relax into them, place and focus on them and mentally surf the waves of vibration. But to get to this point I've spent many many sp in fear because I didn't know what was happening and I too saw ""demons"" and felt ""evil presences"" but this was because I didn't know that I was the one creating everything through my fear of it. Nothing scary you experience is real, it's all a manifestation of your emotions. The key here is reducing the fear and going in with a positive mindset. I'll try to explain why it's often scary because if you understand how it works then there's no reason to be scared of it. For most people, me included, the reason why sp is often a scary experience at first is because of the mindset. It's often because of two things. It can be because you've read about all the scary things you'll experience during sp. This is a self-fulfilling prophecy. Because then you'll say that you had a scary experience and then you give someone the same mindset and so it repeats over and over again with new people reading about it. The second way generally, for people that never heard about sp before is the primal Fear of the unknown(Fotu) and the brain making assumptions. This is multilayered and affects everything to some degree. So, it often happens when it's dark in the room. Fotu. You discover that you can't move, and it's dark. Your mind tries to find an explanation and what it comes up with is that something must be holding you down, it focuses on that and suddenly you can see or see some evil thing holding you down. You mind creates something that will match what you're feeling. If you fear this imaginary(but very realistic) thing then your mind makes it even scarier and so you have an negative spiral of fear that amplifies itself each time. Realizing that nothing you are is real and its just your mind and imagination playing tricks on you, combined with the understanding that sleep paralysis is there to protect you. It made my experience of it much less scary, and I realized that was because I no longer feared it as much. And that realization itself, every time made the experience less scary and more positive. After a while the fear was all gone and now without the scary things there to bother me I instead starting feeling excited about experiencing it and now instead I was in a positive spiral that made the experience better and better each time. So unless I'm stressed and feeling bad already I almost never experience sleep paralysis as a bad anymore. Now it's no longer an exhausting experience that ruins my day but instead it's a great experience that actually gives me a boost of energy and a good mood for several hours if not the whole day after it happens.",INTRUDER,"The narrative emphasizes seeing/feeling evil presences or demons during paralysis, focusing on a sensed intruder rather than chest pressure or movement",
eebzna,Sleepparalysis,65,"Sleep paralysis but within different layers of a dream (inception style), where you keep thinking you've finally woken up but haven't. Anyone else had this?
I kept thinking I had managed to wake up but it was just another layer in a dream, then I'd have it again, and again... until finally I actually could move properly in real life.

Sorry if that sounds convoluted.",115,1577056852.0,"Sleep paralysis but within different layers of a dream (inception style), where you keep thinking you've finally woken up but haven't. Anyone else had this? I kept thinking I had managed to wake up but it was just another layer in a dream, then I'd have it again, and again... until finally I actually could move properly in real life. Sorry if that sounds convoluted.",OTHER,"The narrative focuses on repeated dream layers and confusion about waking, without mention of an intruder, chest pressure, or vestibular/motor sensations.",Vague/Unclear
go7jty,Sleepparalysis,579,"To anyone that says that the want to experience sleep paralyses - You do not want it!
  

It started 7 or 8 years ago. I woke up in the middle of the night. Something was different, I was awake but could not move any part of my body. Tried to move my fingers my arms my legs without success. I felt like someone was watching me from the corner of my room. I could sense evil eyes. The darkness was getting closer and closer. I could feel the cold sweat running down my neck. I put every atom in my body to try and move and when I did it was so violent that I jumped from my bed.

The room was empty, the corer that seemed dark was lit from the moon. Walked around, smoked a cigarette and 1 hour later was able to sleep again.

After a couple of days the same thing happened. Somehow managed to move a finger and it was over. After 10 minutes as I was about to fall asleep again the same thing. But this time I was laying on my back and the “Monster” was on top of me. (Later I saw the same description of it from many others – The old Hag) It had black eyes, pale skin and gray hair. It felt like it stuck its claws in my chest and was ripping my skin and bones. I have never been so afraid in my life. I woke up screaming and did not fall asleep all night.

Over time the attacks became more frequent. Few times a week and when they did happened it was not only once but 5-6 times during a night. It happened when I was sleeping with a girl. When I woke up my hand swing so hard that I almost broke her nose. Looked my symptoms online and saw that it is sleep paralyses. Tried many suggestions on how to overcome it but nothing worked. The only thing that worked for me was either sleeping during the day (Newer had that experience while it was light outside) or going to bed drunk. It messed with my life for full year. Lost a good job due to my sleeping patterns and my drinking.

One night after a bad day it happened again. This time I was fed up and told myself: Buddy go to sleep. This is not real, there is no one else in the room. Just fall asleep again. And when I did, the most amazing thing happened. I was dreaming but was fully aware that it is a dream. I had some control of what happened next in the dream. The feeling was great. I was Lucid Dreaming. The next time I had sleep paralyses tack tried the same thing. The dream was more vivid and I had more control over it. Wow I loved the feeling, whatever I wanted appeared in front of me and whatever story I could think of happened in the dream. Over time I managed 9 out of 10 times to turn the paralysis into a lucid dream.

After a while the episodes become less frequent. Once a month, than once every few months…. To be honest I miss the Lucid Dreams, but the things that I had to go through to have them are not worth it. So if you think that you want to experience sleep paralyses, trust me, you do not! 

Sweet dreams!",110,1590102661.0,"To anyone that says that the want to experience sleep paralyses - You do not want it! It started 7 or 8 years ago. I woke up in the middle of the night. Something was different, I was awake but could not move any part of my body. Tried to move my fingers my arms my legs without success. I felt like someone was watching me from the corner of my room. I could sense evil eyes. The darkness was getting closer and closer. I could feel the cold sweat running down my neck. I put every atom in my body to try and move and when I did it was so violent that I jumped from my bed. The room was empty, the corer that seemed dark was lit from the moon. Walked around, smoked a cigarette and 1 hour later was able to sleep again. After a couple of days the same thing happened. Somehow managed to move a finger and it was over. After 10 minutes as I was about to fall asleep again the same thing. But this time I was laying on my back and the “Monster” was on top of me. (Later I saw the same description of it from many others – The old Hag) It had black eyes, pale skin and gray hair. It felt like it stuck its claws in my chest and was ripping my skin and bones. I have never been so afraid in my life. I woke up screaming and did not fall asleep all night. Over time the attacks became more frequent. Few times a week and when they did happened it was not only once but 5-6 times during a night. It happened when I was sleeping with a girl. When I woke up my hand swing so hard that I almost broke her nose. Looked my symptoms online and saw that it is sleep paralyses. Tried many suggestions on how to overcome it but nothing worked. The only thing that worked for me was either sleeping during the day (Newer had that experience while it was light outside) or going to bed drunk. It messed with my life for full year. Lost a good job due to my sleeping patterns and my drinking. One night after a bad day it happened again. This time I was fed up and told myself: Buddy go to sleep. This is not real, there is no one else in the room. Just fall asleep again. And when I did, the most amazing thing happened. I was dreaming but was fully aware that it is a dream. I had some control of what happened next in the dream. The feeling was great. I was Lucid Dreaming. The next time I had sleep paralyses tack tried the same thing. The dream was more vivid and I had more control over it. Wow I loved the feeling, whatever I wanted appeared in front of me and whatever story I could think of happened in the dream. Over time I managed 9 out of 10 times to turn the paralysis into a lucid dream. After a while the episodes become less frequent. Once a month, than once every few months…. To be honest I miss the Lucid Dreams, but the things that I had to go through to have them are not worth it. So if you think that you want to experience sleep paralyses, trust me, you do not! Sweet dreams!",INTRUDER,"The narrative focuses mainly on a sensed malevolent presence (the old hag/monster) and fear of it being in the room, with chest pressure mentioned only as a secondary detail.",
kkn23o,Sleepparalysis,66,"I’m traumatized
As sleep paralysis starts, I brace myself for a( usually creepy) view, I can’t move anything except my left foot and black ooz almost like venom, comes into my room and I kid you not FUCKING LEBRON JAMES COMES OUT OFFERING ME A SPRITE CRANBERRY I died laughing when I woke up and explained to my family what happened and they think I’m delusional",97,1609006746.0,"I’m traumatized As sleep paralysis starts, I brace myself for a( usually creepy) view, I can’t move anything except my left foot and black ooz almost like venom, comes into my room and I kid you not FUCKING LEBRON JAMES COMES OUT OFFERING ME A SPRITE CRANBERRY I died laughing when I woke up and explained to my family what happened and they think I’m delusional",INTRUDER,"The narrative focuses on a vivid visual intruder (Lebron James) appearing in the room, with no chest pressure or movement sensations.",
fkz2xm,Sleepparalysis,92,"Racist sleep paralysis experience
Last night I woke up into sleep paralysis, my pillow was right in front of my face laying against the wall. The pillow proceeds to grow a face,the best way I could describe it is ""a pillow person"" lmao, and it leans into my face tryna kiss me and it gets closer and says ""I know you been wanting this"" and then calls me the n word. I then woke up out of it. I guess the racism shocked me lol. I always have strange sleep paralysis episodes.",97,1584572303.0,"Racist sleep paralysis experience Last night I woke up into sleep paralysis, my pillow was right in front of my face laying against the wall. The pillow proceeds to grow a face,the best way I could describe it is ""a pillow person"" lmao, and it leans into my face tryna kiss me and it gets closer and says ""I know you been wanting this"" and then calls me the n word. I then woke up out of it. I guess the racism shocked me lol. I always have strange sleep paralysis episodes.",INTRUDER,"The narrative focuses on a perceived entity (the pillow person) interacting and speaking, which is the central element of the experience.",
bsjhzk,Sleepparalysis,40,I had sleep paralysis last night and hallucinated a giant face-thing named “Wagah” next to my bed. He just wanted to watch me sleep. I snapped out of it and was awake enough to sketch it out at 3 AM,94,1558717877.0,I had sleep paralysis last night and hallucinated a giant face-thing named “Wagah” next to my bed. He just wanted to watch me sleep. I snapped out of it and was awake enough to sketch it out at 3 AM,INTRUDER,The narrative focuses on a sensed presence—a giant face-thing watching the sleeper—without chest pressure or movement sensations.,
j9ntcp,Sleepparalysis,219,"I used to be terrified of Sleep Paralysis but now I love it...?
For almost 20 years I suffered with and fought sleep paralysis. The first 7-8 years of which was every. Single. Night.

I saw the shadow entities. I felt and experienced all the horrible things that go with it. Terrifying, paranoia inducing experiences. I was too scared to sleep.

But recently I decided, what the hell?! What physical, permanent harm can ACTUALLY come from sleep paralysis and the entities I encounter?? None, is what.

So I stopped fighting it. I let it happen. I let it take over. I STILL see and experience all the same things, but it's kind of calming and relaxing for me now. When I feel an episode coming on I allow it. I'm kind of disappointed if it doesn't happen these days.

Because of my lack of fear I've been able to use sleep paralysis as a tool to enter lucid dreams, astral projection, and to speak with the entity I've been seeing most recently (yes, full on conversation like... But that's another story).

I'm just posting this I guess so people who are suffering SP or are afraid of what they're seeing can realise it isn't necessarily a bad experience.

And I wish someone had told me that twenty years ago.",86,1602495184.0,"I used to be terrified of Sleep Paralysis but now I love it...? For almost 20 years I suffered with and fought sleep paralysis. The first 7-8 years of which was every. Single. Night. I saw the shadow entities. I felt and experienced all the horrible things that go with it. Terrifying, paranoia inducing experiences. I was too scared to sleep. But recently I decided, what the hell?! What physical, permanent harm can ACTUALLY come from sleep paralysis and the entities I encounter?? None, is what. So I stopped fighting it. I let it happen. I let it take over. I STILL see and experience all the same things, but it's kind of calming and relaxing for me now. When I feel an episode coming on I allow it. I'm kind of disappointed if it doesn't happen these days. Because of my lack of fear I've been able to use sleep paralysis as a tool to enter lucid dreams, astral projection, and to speak with the entity I've been seeing most recently (yes, full on conversation like... But that's another story). I'm just posting this I guess so people who are suffering SP or are afraid of what they're seeing can realise it isn't necessarily a bad experience. And I wish someone had told me that twenty years ago.",INTRUDER,"The narrative focuses on repeatedly seeing and interacting with shadow entities, with no mention of chest pressure or movement sensations.",
il8dav,Sleepparalysis,99,"CAN YOU GUYS FEEL SLEEP PARALYSIS BEFORE YOU HAVE IT ?
i have sleep paralysis often and i can feel it before it happens. i had it this morning and experienced voices mocking and laughing at me but that’s besides the point. for me, i’ve it so often that whenever i get tired, i know whether or not i’m going to sleep normally or have SP. usually, i don’t have visions because i know how to wake myself up in time but i wanted to ask u all if you guys can feel it before it happens too ?",89,1599058790.0,"CAN YOU GUYS FEEL SLEEP PARALYSIS BEFORE YOU HAVE IT ? i have sleep paralysis often and i can feel it before it happens. i had it this morning and experienced voices mocking and laughing at me but that’s besides the point. for me, i’ve it so often that whenever i get tired, i know whether or not i’m going to sleep normally or have SP. usually, i don’t have visions because i know how to wake myself up in time but i wanted to ask u all if you guys can feel it before it happens too ?",OTHER,"The narrative is mainly a question about anticipating sleep paralysis and only briefly mentions vague auditory mocking, lacking a clear intruder, chest pressure, or vestibular experience.",Vague/Unclear
xhhh7z,Sleepparalysis,56,"Hearing sleep paralysis coming
When I close my eyes to fall asleep, every single time I'm about to experience sleep paralysis there's a tiny quiet pop in my ears that sounds like the little burst of static you get whenever you turn on an old TV. Does anyone else have little tells that it's gonna happen?",83,1663509731.0,"Hearing sleep paralysis coming When I close my eyes to fall asleep, every single time I'm about to experience sleep paralysis there's a tiny quiet pop in my ears that sounds like the little burst of static you get whenever you turn on an old TV. Does anyone else have little tells that it's gonna happen?",OTHER,"The narrative only describes a pre-paralysis auditory cue and lacks intruder, chest pressure, or vestibular elements.",Auditory/Vibrational
jntrwv,Sleepparalysis,42,"Does anybody else hear random songs that don’t exist?
I was laying there during an episode and I heard a catchy rock song very clearly and when I tried to search for it by googling the lyrics I discovered it doesn’t exist...",81,1604482190.0,Does anybody else hear random songs that don’t exist? I was laying there during an episode and I heard a catchy rock song very clearly and when I tried to search for it by googling the lyrics I discovered it doesn’t exist...,OTHER,"The narrative only describes hearing a non‑existent song, lacking intruder, chest pressure, or vestibular/motor elements.",Auditory/Vibrational
domo05,Sleepparalysis,42,"After seeing it again after a few years , I finally decided to draw it and I'll post it here to add with everyone else's. Weird how years can pass by and then theese things pop back up and you just know.",82,1572335905.0,"After seeing it again after a few years , I finally decided to draw it and I'll post it here to add with everyone else's. Weird how years can pass by and then theese things pop back up and you just know.",OTHER,"The text lacks any description of a presence, chest pressure, or movement sensations typical of the other categories.",Vague/Unclear
a67v44,Sleepparalysis,192,"My SP demon is a dick 😂 what’s the funniest thing yours has said to you ?
So last night I got in one of those cycles where EVERY time you fall asleep you fall back into paralysis. First time was scary as usual , but by the second or third time it usually lightens up and becomes a bit more comical. Anyways, my girlfriend and I broke up recently so I haven’t been very sexually active , and I’ve been on dating apps and shit like that. So in my last sleep paralysis attack my SP demon (who I talk to sometimes idk if I’m the only one) says ,” I Know what you want for Christmas”.. 

I go and what is that...

*he pauses*  “ You Want a Fuck”!! 

At this point I just start laughing my ass off and then I wake up. 

These demons seem to be manifestations of our insecurities and fears so realistically there shouldn’t be anything to be scared of when knowing it is your own view of yourself talking to you in the end. 

What’s the funniest thing your SP has said to you?",80,1544814840.0,"My SP demon is a dick 😂 what’s the funniest thing yours has said to you ? So last night I got in one of those cycles where EVERY time you fall asleep you fall back into paralysis. First time was scary as usual , but by the second or third time it usually lightens up and becomes a bit more comical. Anyways, my girlfriend and I broke up recently so I haven’t been very sexually active , and I’ve been on dating apps and shit like that. So in my last sleep paralysis attack my SP demon (who I talk to sometimes idk if I’m the only one) says ,” I Know what you want for Christmas”.. I go and what is that... *he pauses* “ You Want a Fuck”!! At this point I just start laughing my ass off and then I wake up. These demons seem to be manifestations of our insecurities and fears so realistically there shouldn’t be anything to be scared of when knowing it is your own view of yourself talking to you in the end. What’s the funniest thing your SP has said to you?",INTRUDER,"The narrative focuses on a sensed demonic presence speaking to the sleeper, which fits the intruder theme.",
g1zwqr,Sleepparalysis,105,"My sleep paralysis daemon tried to enter my asshole
Ok so this might sound weird and yeah you’re right it is. So basically it was sitting in my back as I was laying on my front. Then it said prepare your asshole I’m going deep, like wtf, how can my brain make me experience this shit? It didn’t actually go on tho it just laughed in a fucked tone and then I snapped out of it.
So I’m basically wondering how I can stop this shit from happening again, bc I’m worried that it might actually go in my ass and I don’t want that",80,1586982072.0,"My sleep paralysis daemon tried to enter my asshole Ok so this might sound weird and yeah you’re right it is. So basically it was sitting in my back as I was laying on my front. Then it said prepare your asshole I’m going deep, like wtf, how can my brain make me experience this shit? It didn’t actually go on tho it just laughed in a fucked tone and then I snapped out of it. So I’m basically wondering how I can stop this shit from happening again, bc I’m worried that it might actually go in my ass and I don’t want that",INTRUDER,"The narrative focuses on a sensed demonic presence threatening to enter the narrator's body, emphasizing an intruder rather than chest pressure or movement.",
mpumkx,Sleepparalysis,186,"I bit my shadow man. It was funny and I don't think he'll be back again.
I have sleep paralasys obviously and my sleep paralasys dude has been pulling me out of bed for a while now. Thats kinda led me to practising lucid dreaming and it works well. I've made it down the street before I get pulled back into my body. Two nights ago my sleep paralasys demon attacked me hard-core. 

It looked like my cat but the vibe was all wrong and I remember fighting off the bites and scratches. I eventually woke up and went back to sleep straight after, which then led to another sleep paralasys moment. This time though I thought fuck that, I'm gonna find him. I got out of bed and looked under my bed and he wasn't there, then I went to the kitchen and there he was. 

He was hunched over away from me and I remember climbing onto his back like a monkey and biting the living shit out of him, I got about 4 bites in before I woke up biting at thin air.",78,1618286320.0,"I bit my shadow man. It was funny and I don't think he'll be back again. I have sleep paralasys obviously and my sleep paralasys dude has been pulling me out of bed for a while now. Thats kinda led me to practising lucid dreaming and it works well. I've made it down the street before I get pulled back into my body. Two nights ago my sleep paralasys demon attacked me hard-core. It looked like my cat but the vibe was all wrong and I remember fighting off the bites and scratches. I eventually woke up and went back to sleep straight after, which then led to another sleep paralasys moment. This time though I thought fuck that, I'm gonna find him. I got out of bed and looked under my bed and he wasn't there, then I went to the kitchen and there he was. He was hunched over away from me and I remember climbing onto his back like a monkey and biting the living shit out of him, I got about 4 bites in before I woke up biting at thin air.",INTRUDER,"The story centers on a sensed hostile entity (shadow man/demon) and the narrator's interaction with it, with no emphasis on chest pressure or movement sensations.",
g301u9,Sleepparalysis,100,"Creepy experience just 3 minutes ago and it still has me shook.
I was in sleep paralysis but I could move a little. I hear a soft voice saying (my names William) ""William, when's your mom's birthday"" it said it twice. 

I answered with ""Who's asking?"" I heard no answer for a few seconds, I started to move a little to lift the covers from over my face but then I felt the person slam its lips into my ear yelling in a demonic voice ""Who you asking boy?"".

Then I was able to move again. This was really trippy",76,1587122200.0,"Creepy experience just 3 minutes ago and it still has me shook. I was in sleep paralysis but I could move a little. I hear a soft voice saying (my names William) ""William, when's your mom's birthday"" it said it twice. I answered with ""Who's asking?"" I heard no answer for a few seconds, I started to move a little to lift the covers from over my face but then I felt the person slam its lips into my ear yelling in a demonic voice ""Who you asking boy?"". Then I was able to move again. This was really trippy",INTRUDER,"The narrative focuses on a sensed presence speaking and interacting, with no chest pressure or movement sensations.",
1ncp4q4,Sleepparalysis,181,"Got Trapped in a Sleep Paralysis Loop With a Laughing Demon
Had the worst sleep paralysis of my life last night. I’ve had it a couple times before, but this one felt like I was trapped forever. I kept “waking up” in my bed only to realize I was still dreaming, stuck in this endless loop. Tried everything to break out (turning on my lamp, checking my phone, even throwing myself down the stairs), but every time I’d just snap back into bed.

Then it got worse. I started hearing this thing laugh at me. Never saw it, but it chased me, mocked me, and even used my dad’s voice to try and trick me. I can’t even explain how real it all felt, my phone, the lights, even me trying to scream but only whispering. It honestly felt like hours of torture, but when I finally woke up for real, only 30 minutes had passed.

I turned on my lamp and just sat there sweating, trying to process what the hell just happened. Definitely the scariest paralysis I’ve ever had.",75,1757438701.0,"Got Trapped in a Sleep Paralysis Loop With a Laughing Demon Had the worst sleep paralysis of my life last night. I’ve had it a couple times before, but this one felt like I was trapped forever. I kept “waking up” in my bed only to realize I was still dreaming, stuck in this endless loop. Tried everything to break out (turning on my lamp, checking my phone, even throwing myself down the stairs), but every time I’d just snap back into bed. Then it got worse. I started hearing this thing laugh at me. Never saw it, but it chased me, mocked me, and even used my dad’s voice to try and trick me. I can’t even explain how real it all felt, my phone, the lights, even me trying to scream but only whispering. It honestly felt like hours of torture, but when I finally woke up for real, only 30 minutes had passed. I turned on my lamp and just sat there sweating, trying to process what the hell just happened. Definitely the scariest paralysis I’ve ever had.",INTRUDER,"The narrative centers on a sensed demonic presence that laughs, chases, and mocks the sleeper, with no mention of chest pressure or movement sensations.",
o7zjge,Sleepparalysis,75,"Whenever I say “In Jesus name” Im able to get out of sleep paralysis
Sometimes its hard to speak so I just repeat it in my head over and over and Im able to get out of sleep paralysis within 30 seconds. It has worked every single time. 

I know this sub is not religious but im iust sharing my experiences. And it has been a consistent experience too so I just wanted to share.",75,1624665139.0,Whenever I say “In Jesus name” Im able to get out of sleep paralysis Sometimes its hard to speak so I just repeat it in my head over and over and Im able to get out of sleep paralysis within 30 seconds. It has worked every single time. I know this sub is not religious but im iust sharing my experiences. And it has been a consistent experience too so I just wanted to share.,OTHER,"The narrative only describes using a phrase to end sleep paralysis and lacks any mention of an intruder, chest pressure, or vestibular sensations.",Vague/Unclear
k2owzm,Sleepparalysis,139,"The sensation and sound of wind blowing during SP
Firstly does anyone else get this? It’s the most noticeable symptom for me other than the obvious body paralysis. The noise is exactly like standing in the middle of a field during very strong wind - almost hurting your ears, and you can feel the sensation of cool wind blowing in your face. Every time I’ve had sleep paralysis I’ve had the same sensation for a good 30 seconds as it slows down and I gradually fully wake up. 

Also I’ve noticed I only get sleep paralysis if the dream before was beginning to becoming lucid, it’s almost a sudden realisation of lucidity and then I wake up and then wind, paralysis etc. Wondering if this is common or if there’s much link between lucid dreaming and sleep paralysis 

Thanks",76,1606575202.0,"The sensation and sound of wind blowing during SP Firstly does anyone else get this? It’s the most noticeable symptom for me other than the obvious body paralysis. The noise is exactly like standing in the middle of a field during very strong wind - almost hurting your ears, and you can feel the sensation of cool wind blowing in your face. Every time I’ve had sleep paralysis I’ve had the same sensation for a good 30 seconds as it slows down and I gradually fully wake up. Also I’ve noticed I only get sleep paralysis if the dream before was beginning to becoming lucid, it’s almost a sudden realisation of lucidity and then I wake up and then wind, paralysis etc. Wondering if this is common or if there’s much link between lucid dreaming and sleep paralysis Thanks",OTHER,"The narrative focuses on wind sound and sensation without intruder, chest pressure, or movement elements",Auditory/Vibrational
cwjcwf,Sleepparalysis,129,"My girlfriend witnessed my sleep paralysis and freaked out.
So I've had sleep paralysis quite a few times but never when someone was sleeping next to me. It happened last night and my girlfriend was next to me still awake. When im in paralysis, i sometimes try to force myself awake by attemting to scream, usually only moans come out. Why i was doing this my girlfriend saw my eyes open and my moaning and started to freak out because she had no idea what was going on. Fortunately, i broke free of the paralysis before she called 911 and afterwards i had to have a long talk with her about sleep paralysis and what happenes during. Has anyone else experienced sleep paralysis while someone else was with you?",77,1566990968.0,"My girlfriend witnessed my sleep paralysis and freaked out. So I've had sleep paralysis quite a few times but never when someone was sleeping next to me. It happened last night and my girlfriend was next to me still awake. When im in paralysis, i sometimes try to force myself awake by attemting to scream, usually only moans come out. Why i was doing this my girlfriend saw my eyes open and my moaning and started to freak out because she had no idea what was going on. Fortunately, i broke free of the paralysis before she called 911 and afterwards i had to have a long talk with her about sleep paralysis and what happenes during. Has anyone else experienced sleep paralysis while someone else was with you?",OTHER,"The narrative focuses on the presence of a partner and lack of any intruder, chest pressure, or movement sensations",Vague/Unclear
ct9qv5,Sleepparalysis,55,"First sleep paralysis. I woke up in the middle of the night. Saw a pair of legs just like this, and the thing laying there started to talk to me. I couldn't move or scream. Eventually the tall lanky thing stood up and started walking towards me. I finally sat up and everything was normal.",75,1566350970.0,"First sleep paralysis. I woke up in the middle of the night. Saw a pair of legs just like this, and the thing laying there started to talk to me. I couldn't move or scream. Eventually the tall lanky thing stood up and started walking towards me. I finally sat up and everything was normal.",INTRUDER,"The narrative centers on seeing a tall, lanky figure that talks and approaches, indicating a sensed presence rather than chest pressure or movement.",
e2yvqi,Sleepparalysis,162,"Sexual sleep paralysis?
I’ve had SP for at least 10 years and have had everything from visual, auditory to physical hallucinations.
But lately, my SP has been increasing. And it’s gotten weird. I’ve been having sexual SP. I’ll explain what I mean:

I am aware I’m having SP. all of the sudden, I feel someone touching my body and although I am completely paralyzed with my eyes closed, I get the feeling someone is fondling me, spreading my legs (which I know isn’t actually happening but it feels like 2 hands spreading them) and I hear auditory hallucinations that sound sexual.  While this is happening, the bed is shaking and I also feel like I am levitating sometimes. I also feel someone grabbing my hand. Edit: I also hear my brain saying “I want to have sex”. Is my brain willing into these sexual hallucinations?

This has happened around 3 times recently. Has anyone else had sexual SP? Why is this happening?",73,1574952143.0,"Sexual sleep paralysis? I’ve had SP for at least 10 years and have had everything from visual, auditory to physical hallucinations. But lately, my SP has been increasing. And it’s gotten weird. I’ve been having sexual SP. I’ll explain what I mean: I am aware I’m having SP. all of the sudden, I feel someone touching my body and although I am completely paralyzed with my eyes closed, I get the feeling someone is fondling me, spreading my legs (which I know isn’t actually happening but it feels like 2 hands spreading them) and I hear auditory hallucinations that sound sexual. While this is happening, the bed is shaking and I also feel like I am levitating sometimes. I also feel someone grabbing my hand. Edit: I also hear my brain saying “I want to have sex”. Is my brain willing into these sexual hallucinations? This has happened around 3 times recently. Has anyone else had sexual SP? Why is this happening?",INTRUDER,"The core of the narrative is the sensed presence touching and fondling the narrator, indicating a perceived intruder rather than chest pressure or movement.",
10al18m,Sleepparalysis,291,"Had SP during Sleep Study
So I'm currently Active Duty military and got a sleep study done last night to diagnose possible Sleep Apnea.  While talking to the Sleep Tech, I mentioned that I had experienced SP before but it was not a frequent occurrence. I also mentioned that since they were hooking me up to a myriad of wires and sensors, how neat it would be to see what my brain is doing if I experienced SP during the study.

Well aside from the typical snoring and uncomfortable sleeping on a bundle of wires, I actually had a short episode of SP at around 245am. Wasnt that bad of an event, lasting maybe 15 seconds, but I basically awoke staring at the ceiling, feeling a pressure on my chest. I knew I was having an episode so I tried calling out ""Tech!"" which is supposed to summon the Sleep Tech to my room, but all I could vocalize was a groan.

I was eventually able to move my foot which shook me out of the episode. The Tech didnt show up to my room, which I understood since she was likely paying attention to the monitors and documenting everything. I did ask in the morning if she caught it and she said she got everything. She said there were some really fascinating things going on with my brain activity during the event. I'm supposed to hear back from my doctor in 4 to 6 weeks where he'll go over what they found.

I'm excited to hear about what is really happening up there. I didn't think I would have an episode, but of all nights, I'm glad it happened when I had a ton of sensors hooked up to me.",69,1673583880.0,"Had SP during Sleep Study So I'm currently Active Duty military and got a sleep study done last night to diagnose possible Sleep Apnea. While talking to the Sleep Tech, I mentioned that I had experienced SP before but it was not a frequent occurrence. I also mentioned that since they were hooking me up to a myriad of wires and sensors, how neat it would be to see what my brain is doing if I experienced SP during the study. Well aside from the typical snoring and uncomfortable sleeping on a bundle of wires, I actually had a short episode of SP at around 245am. Wasnt that bad of an event, lasting maybe 15 seconds, but I basically awoke staring at the ceiling, feeling a pressure on my chest. I knew I was having an episode so I tried calling out ""Tech!"" which is supposed to summon the Sleep Tech to my room, but all I could vocalize was a groan. I was eventually able to move my foot which shook me out of the episode. The Tech didnt show up to my room, which I understood since she was likely paying attention to the monitors and documenting everything. I did ask in the morning if she caught it and she said she got everything. She said there were some really fascinating things going on with my brain activity during the event. I'm supposed to hear back from my doctor in 4 to 6 weeks where he'll go over what they found. I'm excited to hear about what is really happening up there. I didn't think I would have an episode, but of all nights, I'm glad it happened when I had a ton of sensors hooked up to me.",INCUBUS,"The narrative focuses on chest pressure and difficulty breathing during the episode, without mention of an intruder or vestibular sensations.",
ivby9n,Sleepparalysis,89,"Has anyone ever had their sleep paralysis demon sing to them in completely original songs
Like once every 2 months my sleep paralysis demon gives me like a 10 second snippet of a completely original song that I've never heard before and sings with this American accent even tho I live in Scotland and the instrument is always acoustic guitar but I've never owned or played an acoustic guitar like last time it was this acoustic guitar melody and he kept repeating when you sleep and when you sleep",68,1600454657.0,Has anyone ever had their sleep paralysis demon sing to them in completely original songs Like once every 2 months my sleep paralysis demon gives me like a 10 second snippet of a completely original song that I've never heard before and sings with this American accent even tho I live in Scotland and the instrument is always acoustic guitar but I've never owned or played an acoustic guitar like last time it was this acoustic guitar melody and he kept repeating when you sleep and when you sleep,INTRUDER,"The narrative focuses on a sensed demonic presence that sings, with no chest pressure or movement described.",
iihn41,Sleepparalysis,184,"Falling in and out of sleep paralysis
When I get sleep paralysis, I always try to wake myself up from it. I try to do this by wiggling my toes or fingers. In the process of trying to wake up, I find it takes me a while. When I do manage to wake up, I instantaneously fall back into sleep paralysis and I have to start over and try my best to wake up again. I eventually manage to wake up and stay awake after; however, Ive also noticed that if I just got out of a sleep paralysis, I have to wait like maybe 5-10 minutes (or until I’m not super tired and drowsy) otherwise I will just get another sleep paralysis if I try to fall back asleep. 
I think this is because I’m incredibly tired as I was just sleeping, and so the drowsiness just makes me go right back in there. These nights make me incredibly exhausted and I just don’t get enough sleep for the next day. Anyone else have similar experience or know any tips to prevent this?",68,1598655947.0,"Falling in and out of sleep paralysis When I get sleep paralysis, I always try to wake myself up from it. I try to do this by wiggling my toes or fingers. In the process of trying to wake up, I find it takes me a while. When I do manage to wake up, I instantaneously fall back into sleep paralysis and I have to start over and try my best to wake up again. I eventually manage to wake up and stay awake after; however, Ive also noticed that if I just got out of a sleep paralysis, I have to wait like maybe 5-10 minutes (or until I’m not super tired and drowsy) otherwise I will just get another sleep paralysis if I try to fall back asleep. I think this is because I’m incredibly tired as I was just sleeping, and so the drowsiness just makes me go right back in there. These nights make me incredibly exhausted and I just don’t get enough sleep for the next day. Anyone else have similar experience or know any tips to prevent this?",OTHER,"The narrative focuses on repeated episodes and difficulty waking, without mention of an intruder, chest pressure, or vestibular/motor sensations.",Vague/Unclear
kbqyp8,Sleepparalysis,240,"GUYS I GOT A BLOWJOB IN MY SLEEP PARALYSIS. Noooooo Capppp
I get sleep paralysis every month 1-2 times. It started with me waking up and couldn’t move and knew immediately that it was my god old friend Sleep Paralysis.

I just shut my eyes and Laid down until I woke up. But this time it took a really long time so I got bored and started trying to move. After a long time i thought that I woke up and got off the bed and walked to my door. While walking I where holding someone with my left arm. I looked at it and just saw a grey hoodie knew that I was still in my sleep paralysis. I ran back to the bed and laid down and continued to shut my eyes. 

While shutting my eyes i opened my pants and took them off, don’t ask why. Out of no where someone hold my dick and started to sucking it off. I EVEN HEARD THE SUCKING NOISE.

Bro NO CAP that was the best blow I’ve ever got in my whole life. 

Soooo I think the trick to get a blow is just taking off your pants and think of someone sucking you off and it will eventually happen.

Don’t know yet. This was my first time. If it happens again next time I get sleep paralysis I will update you :) 




MY ENLISH ISN’T THE BEST, SORRY",70,1607787146.0,"GUYS I GOT A BLOWJOB IN MY SLEEP PARALYSIS. Noooooo Capppp I get sleep paralysis every month 1-2 times. It started with me waking up and couldn’t move and knew immediately that it was my god old friend Sleep Paralysis. I just shut my eyes and Laid down until I woke up. But this time it took a really long time so I got bored and started trying to move. After a long time i thought that I woke up and got off the bed and walked to my door. While walking I where holding someone with my left arm. I looked at it and just saw a grey hoodie knew that I was still in my sleep paralysis. I ran back to the bed and laid down and continued to shut my eyes. While shutting my eyes i opened my pants and took them off, don’t ask why. Out of no where someone hold my dick and started to sucking it off. I EVEN HEARD THE SUCKING NOISE. Bro NO CAP that was the best blow I’ve ever got in my whole life. Soooo I think the trick to get a blow is just taking off your pants and think of someone sucking you off and it will eventually happen. Don’t know yet. This was my first time. If it happens again next time I get sleep paralysis I will update you :) MY ENLISH ISN’T THE BEST, SORRY",INTRUDER,"The narrative focuses on a sensed presence interacting sexually (someone holding and sucking the narrator's penis), which is a clear intruder experience.",
hadna2,Sleepparalysis,218,"Anyone else experienced a ""vibrating"" sensation in their head?
I've recently been having some strange sleep paralysis episodes.

Usually I wake up and cannot move and just feel what I can only describe as a scary feeling and my partner says I kind of make the noise of a zombie lol, I snap out of it after she gives me a shake and go back to sleep fine. But the past few nights I've been waking up unable to move and feeling this extreme vibrating sensation in my head along with the scary atmosphere. It's hard to describe but if you can imagine a machine turning or an engine or something like that and resting your head against it, it's very intense but the other strange thing is I felt as though I was half conscious of this vibrating feeling and could almost come in and out of it consciously. As this is happening my partner was shaking me each time ""I went in"" and getting me out of it but as soon as I let myself I got the feeling again. 

Sleep paralysis crossed with a lucid dream? Was just unusual for me so I thought I would share, maybe someone's had a similar experience or this is a heads up before it happens to you :)",62,1592344273.0,"Anyone else experienced a ""vibrating"" sensation in their head? I've recently been having some strange sleep paralysis episodes. Usually I wake up and cannot move and just feel what I can only describe as a scary feeling and my partner says I kind of make the noise of a zombie lol, I snap out of it after she gives me a shake and go back to sleep fine. But the past few nights I've been waking up unable to move and feeling this extreme vibrating sensation in my head along with the scary atmosphere. It's hard to describe but if you can imagine a machine turning or an engine or something like that and resting your head against it, it's very intense but the other strange thing is I felt as though I was half conscious of this vibrating feeling and could almost come in and out of it consciously. As this is happening my partner was shaking me each time ""I went in"" and getting me out of it but as soon as I let myself I got the feeling again. Sleep paralysis crossed with a lucid dream? Was just unusual for me so I thought I would share, maybe someone's had a similar experience or this is a heads up before it happens to you :)",OTHER,"The narrative focuses on a head‑vibrating sensation and general fear without a clear intruder, chest pressure, or movement experience.",Auditory/Vibrational
fnufzg,Sleepparalysis,155,"Turned what would have been a bad sleep paralysis night into a night of adventure.
I've been dealing with sleep paralysis for over 6 years now. Some nights are just bad for some reason and I'll have multiple episodes per night or wake up from SP into another SP. A few months ago I learned about using sleep paralysis to ""astral project"". Now I dont believe you experience a new plane of reality but it's a form of lucid dreaming in my experience. So last night I had SP 3 times and each time I was able to recognize the feeling of what was happening and I was able to pull myself out and walk around. I explored the astral world all night and didnt have to deal with the horrible hallucinations of sleep paralysis. I'm actually looking forward to continuing to conquer the demons and exploring this new landscape. Hopefully this can help others!",64,1585006193.0,"Turned what would have been a bad sleep paralysis night into a night of adventure. I've been dealing with sleep paralysis for over 6 years now. Some nights are just bad for some reason and I'll have multiple episodes per night or wake up from SP into another SP. A few months ago I learned about using sleep paralysis to ""astral project"". Now I dont believe you experience a new plane of reality but it's a form of lucid dreaming in my experience. So last night I had SP 3 times and each time I was able to recognize the feeling of what was happening and I was able to pull myself out and walk around. I explored the astral world all night and didnt have to deal with the horrible hallucinations of sleep paralysis. I'm actually looking forward to continuing to conquer the demons and exploring this new landscape. Hopefully this can help others!",VESTIBULAR_MOTOR,"The narrative focuses on out-of-body exploration and movement in an astral realm, without mention of a sensed intruder or chest pressure.",
a54tm6,Sleepparalysis,110,"Sleep paralysis with bed shaking/earthquake feeling..?
Hey y'all, I've had episodes of sleep paralysis here and there throughout my life (22), but for the 2nd time now this year, I've had sleep paralysis mixed with a really sketchy feeling of an earthquake/my body shaking. Now I don't think my body is actually shaking but it felt like my entire bed was being shook uncontrollably and I was froze up all the while. Both times I literally thought it was an earthquake. There weren't really any visuals, just not being able to move and feeling like everything was shaking. 

Anyone else felt this before..? Or even know what's actually going on..?",64,1544514615.0,"Sleep paralysis with bed shaking/earthquake feeling..? Hey y'all, I've had episodes of sleep paralysis here and there throughout my life (22), but for the 2nd time now this year, I've had sleep paralysis mixed with a really sketchy feeling of an earthquake/my body shaking. Now I don't think my body is actually shaking but it felt like my entire bed was being shook uncontrollably and I was froze up all the while. Both times I literally thought it was an earthquake. There weren't really any visuals, just not being able to move and feeling like everything was shaking. Anyone else felt this before..? Or even know what's actually going on..?",VESTIBULAR_MOTOR,"The narrative focuses on a sensation of the bed shaking/earthquake-like movement without intruder or chest pressure, emphasizing a bodily movement sensation.",
cmcmal,Sleepparalysis,33,"That feeling when you’re having a wonderful sleep but your body keeps trying to enter paralysis mode so you jerk yourself awake before it happens
I just wanna have a comfy sleep dude.",62,1565019917.0,That feeling when you’re having a wonderful sleep but your body keeps trying to enter paralysis mode so you jerk yourself awake before it happens I just wanna have a comfy sleep dude.,OTHER,"The narrative only mentions anticipating paralysis without describing an intruder, chest pressure, or movement sensations.",Vague/Unclear
9u0z3m,Sleepparalysis,38,Sleep disorders for years. Terrified of shadow things. Here’s an example I drew of what I am seeing when I doze off. This has caused me sleep deprivation and insomnia as I am anxious to sleep at all.,63,1541307083.0,Sleep disorders for years. Terrified of shadow things. Here’s an example I drew of what I am seeing when I doze off. This has caused me sleep deprivation and insomnia as I am anxious to sleep at all.,INTRUDER,"The narrative focuses on fear of shadowy figures/presence, indicating a sensed intruder.",
1b18ejs,Sleepparalysis,195,"Woman mimicked my girlfriend
My girlfriend went to take a shower at 5:40AM, and I was left alone in my room in pure darkness. I already felt that I was in a SP, because of my sensation, and something was close to me. I kept on fighting it, wanting to punch it or hit it with my pillow. Then it ""stopped"". My girlfriend got back in my room without turning the lights on, then she asked, ""were you in a sleep paralysis?"". I said, ""yeah"", then she followed it up with ""I saw a woman here"". That's when I knew that it wasn't finished because my sensation was back. The woman then got back to her form, and she got closer to me, then I panicked. I let out a small scream when I woke up because THAT has never happened to me before. The woman really just mimicked her, and tricked me into thinking that it was over. I woke up, checked my room then said, ""fuck you"" to whoever was in my room that morning.

I curse out every demon that visits me, or wanting to fight it everytime I experience SP lol",63,1709028550.0,"Woman mimicked my girlfriend My girlfriend went to take a shower at 5:40AM, and I was left alone in my room in pure darkness. I already felt that I was in a SP, because of my sensation, and something was close to me. I kept on fighting it, wanting to punch it or hit it with my pillow. Then it ""stopped"". My girlfriend got back in my room without turning the lights on, then she asked, ""were you in a sleep paralysis?"". I said, ""yeah"", then she followed it up with ""I saw a woman here"". That's when I knew that it wasn't finished because my sensation was back. The woman then got back to her form, and she got closer to me, then I panicked. I let out a small scream when I woke up because THAT has never happened to me before. The woman really just mimicked her, and tricked me into thinking that it was over. I woke up, checked my room then said, ""fuck you"" to whoever was in my room that morning. I curse out every demon that visits me, or wanting to fight it everytime I experience SP lol",INTRUDER,"The narrative focuses on a sensed female presence that mimics the girlfriend, with fear of an entity in the room, without chest pressure or movement sensations.",
fu45wk,Sleepparalysis,60,"That’s it. I’m never sleeping on my back again.
Every. Fucking. Time.

It’s the most comfortable for me to sleep on my back and I literally told myself tonight “YOU ARE NOT GONNA HAVE SLEEP PARALYSIS TONIGHT.” I start falling asleep on my back and boom. Someone is fucking banging on my door, breaking in, and coming to kidnap me.",64,1585900090.0,"That’s it. I’m never sleeping on my back again. Every. Fucking. Time. It’s the most comfortable for me to sleep on my back and I literally told myself tonight “YOU ARE NOT GONNA HAVE SLEEP PARALYSIS TONIGHT.” I start falling asleep on my back and boom. Someone is fucking banging on my door, breaking in, and coming to kidnap me.",INTRUDER,"The narrative focuses on a perceived intruder breaking in and threatening the sleeper, with no mention of chest pressure or vestibular sensations.",
xqdaaj,Sleepparalysis,361,"anyone else get convinced they wake up from sp and are back irl but they're actually still asleep/dreaming??
I had sp last night, been experiencing it for about 7 years now every few months or so. 

A couple of times, including last night, I think I'm waking up from the sp only to be still asleep in my dream. 

like ill be trying to move my hands and wake my partner trying to scream for help.. then I realised it was sp and I remembered to just stay calm and reassure myself it was sp, so I was aware of what it was while it happened

then I wake up in the dream and can move again In the dream and feel relieved to be out of sp and am convinced I'm back in real life. my partner was awake with me in the dream helping me get out of sp. I was certain I'd woken up and was back irl

 Then when I actually wake up irl I'm super confused, cos I see my partner sleeping and Im like I swore I woke up and woke him when I was crying for help and trying to touch him/move my hands in sp, but he has no clue anything happened and was asleep the whole time. 

And I was asleep the whole time I just dreamt I woke up and was able to move again?? So I woke out of my sp but didn't wake up irl..

 I just went into another dream where I thought I'd woken up from it and was relieved to be out of it.

 When this has happened in the past the ""dream"" in which I wake up from the sp, i have astral travelled. This bodes the question does sp allow you to leave your body? Maybe this isn't the appropriate place for this as I'm not sure if it's more of a science based sub but that's my experience

I hope this makes sense as it's hard to explain

Has anyone else experienced this, thinking you're waking up from sp when you're not you just go into a ""dream"" where you can move again?",60,1664373031.0,"anyone else get convinced they wake up from sp and are back irl but they're actually still asleep/dreaming?? I had sp last night, been experiencing it for about 7 years now every few months or so. A couple of times, including last night, I think I'm waking up from the sp only to be still asleep in my dream. like ill be trying to move my hands and wake my partner trying to scream for help.. then I realised it was sp and I remembered to just stay calm and reassure myself it was sp, so I was aware of what it was while it happened then I wake up in the dream and can move again In the dream and feel relieved to be out of sp and am convinced I'm back in real life. my partner was awake with me in the dream helping me get out of sp. I was certain I'd woken up and was back irl Then when I actually wake up irl I'm super confused, cos I see my partner sleeping and Im like I swore I woke up and woke him when I was crying for help and trying to touch him/move my hands in sp, but he has no clue anything happened and was asleep the whole time. And I was asleep the whole time I just dreamt I woke up and was able to move again?? So I woke out of my sp but didn't wake up irl.. I just went into another dream where I thought I'd woken up from it and was relieved to be out of it. When this has happened in the past the ""dream"" in which I wake up from the sp, i have astral travelled. This bodes the question does sp allow you to leave your body? Maybe this isn't the appropriate place for this as I'm not sure if it's more of a science based sub but that's my experience I hope this makes sense as it's hard to explain Has anyone else experienced this, thinking you're waking up from sp when you're not you just go into a ""dream"" where you can move again?",OTHER,"The narrative focuses on confusion about waking within a dream and does not emphasize an intruder, chest pressure, or vestibular/motor sensations.",Vague/Unclear
qj763n,Sleepparalysis,280,"Sleep Paralysis is terrifying simply because you're afraid.
I'm a 21 Male &amp; I'm also a Lucid Dreamer. I used to have my first Sleep Paralysis episode when I was like 16-17 and it was terrifying because I didn't know what happens, now I'm using them as an opportunity to lucid dream.

As you all know, Sleep Paralysis is a state between two worlds: Waking World and Dream World. It may happen before falling asleep or right before waking up.

Most people here are afraid because they don't understand. Some people may be religious and think there are demons or other stuff and this is understandable because you aren't able to fully understand what's happening during a Sleep Paralysis episode.

It begins like this: You may wake up from a dream unable to move. You're terrified because you don't know what happened, anxiety levels goes through the roof as your mind is playing tricks on you. You hear voices, feel a presence in your room, screams and other stuff. You may have a panic attack, but it's nothing just your mind.

Now, try this whenever you have another episode: Acknowledge the Sleep Paralysis and relax. Stay calm and use it as an opportunity to lucid dream. Don't open your eyes, just focus on the hypnagogic images that are happening in front of your sight. If done properly, you'll enter into the lucid dream world and you can do anything.

If you learn how to manage the Sleep Paralysis, you'll no longer be afraid. You can use this to get into a lucid dream world where you'll be happy. You may also exit the SP episode just by moving your toes.",59,1635617644.0,"Sleep Paralysis is terrifying simply because you're afraid. I'm a 21 Male &amp; I'm also a Lucid Dreamer. I used to have my first Sleep Paralysis episode when I was like 16-17 and it was terrifying because I didn't know what happens, now I'm using them as an opportunity to lucid dream. As you all know, Sleep Paralysis is a state between two worlds: Waking World and Dream World. It may happen before falling asleep or right before waking up. Most people here are afraid because they don't understand. Some people may be religious and think there are demons or other stuff and this is understandable because you aren't able to fully understand what's happening during a Sleep Paralysis episode. It begins like this: You may wake up from a dream unable to move. You're terrified because you don't know what happened, anxiety levels goes through the roof as your mind is playing tricks on you. You hear voices, feel a presence in your room, screams and other stuff. You may have a panic attack, but it's nothing just your mind. Now, try this whenever you have another episode: Acknowledge the Sleep Paralysis and relax. Stay calm and use it as an opportunity to lucid dream. Don't open your eyes, just focus on the hypnagogic images that are happening in front of your sight. If done properly, you'll enter into the lucid dream world and you can do anything. If you learn how to manage the Sleep Paralysis, you'll no longer be afraid. You can use this to get into a lucid dream world where you'll be happy. You may also exit the SP episode just by moving your toes.",INTRUDER,"The narrative emphasizes hearing voices and feeling a presence in the room, focusing on an intruder-like entity rather than chest pressure or movement.",
n2eykm,Sleepparalysis,357,"Reptilian sleep paralysis monster told me I was going to have a stroke (and I did!!!!)
Hello, I have had random sprouts of sleep paralysis throughout my young adult life. Mainly after a heavy weekend of partying/ not sleeping. However, the last few weeks I’ve been experiencing quite a few weird headaches -  like migraines that go into the back of my skull. One night I was just having one of those nights where your body just keeps pulling you into paralysis (and you wiggle your toes and keep wiggling them until you get out of it). Eventually I stopped fighting and let myself fall into it. I knew something had got into my bed because I could feel breathing under my sheets. Whatever it was climbed onto my back (I sleep downfacing) and whispered into my ear “Hello, Erin”. Obviously I felt terrified but I wanted to know what kind of beast had entered my bed so I opened my eyes. It’s fingers were pressed over mine - kind of as if it were pushing me into the bed. They were long and scaly and I know it must have been a kind of reptilian beast. It whispered again that I am very “sick” and I might “need to go to the hospital”. At that point I probably thought the beast was f*cking with me so I just wiggled and wiggled my toes until I woke up. I really felt that it wanted me to know that, though and it was fighting extra hard to push me into the bed as if to say ‘don’t ignore me’. I fell asleep again and in the morning I woke up with a strange feeling in my neck again. I ended up having a stroke and blood clot in my neck (I’m 24F) so it was completely out of the blue with no previous health problems. I’ve been in hospital about a week and recovering well. Anyways, this is my first Reddit post and I just thought it was pretty interesting that whatever came to me in my paralysis wanted to warn me about what would happen. Peace :)",61,1619861262.0,"Reptilian sleep paralysis monster told me I was going to have a stroke (and I did!!!!) Hello, I have had random sprouts of sleep paralysis throughout my young adult life. Mainly after a heavy weekend of partying/ not sleeping. However, the last few weeks I’ve been experiencing quite a few weird headaches - like migraines that go into the back of my skull. One night I was just having one of those nights where your body just keeps pulling you into paralysis (and you wiggle your toes and keep wiggling them until you get out of it). Eventually I stopped fighting and let myself fall into it. I knew something had got into my bed because I could feel breathing under my sheets. Whatever it was climbed onto my back (I sleep downfacing) and whispered into my ear “Hello, Erin”. Obviously I felt terrified but I wanted to know what kind of beast had entered my bed so I opened my eyes. It’s fingers were pressed over mine - kind of as if it were pushing me into the bed. They were long and scaly and I know it must have been a kind of reptilian beast. It whispered again that I am very “sick” and I might “need to go to the hospital”. At that point I probably thought the beast was f*cking with me so I just wiggled and wiggled my toes until I woke up. I really felt that it wanted me to know that, though and it was fighting extra hard to push me into the bed as if to say ‘don’t ignore me’. I fell asleep again and in the morning I woke up with a strange feeling in my neck again. I ended up having a stroke and blood clot in my neck (I’m 24F) so it was completely out of the blue with no previous health problems. I’ve been in hospital about a week and recovering well. Anyways, this is my first Reddit post and I just thought it was pretty interesting that whatever came to me in my paralysis wanted to warn me about what would happen. Peace :)",INTRUDER,"The story centers on a sensed reptilian presence that climbs onto the sleeper and speaks, with fear focused on the entity's presence rather than chest pressure or movement.",
ey2qqq,Sleepparalysis,508,"Peppa Pig
I've just had my first ever sleep paralysis and I kid you not, it was about Peppa Pig. I know this sounds troll, but I am absolutely serious and need to share this experience to calm my nerves.
Some background:
I am 17 years old, from Denmark, and have a 3 year old brother that i occasionally watch Peppa Pig with for several hours at a time. Peppa Pig is a children's show, but the characters' laughs at the end of the episodes have always struck me as a little bit eery. The way that they all just crack up for no fucking reason. Just me? Really?
Anyways, I had been up for a fairly long time while programming a Python script that i wanted to finish. I fell asleep almost instantly only to then wake up in the middle of the night feeling wide awake. I proceeded to code a little more, since i didn't feel tired at all. Around 1.5 hours before I had to go to school, I decided to try to get a little more sleep, so I took the biggest and most comfortable pillow in the entire apartment (I usually sleep without any pillow).
I had a sweet but confusing dream that out of nowhere ended with the laugh track that is always played at the end of Peppa Pig episodes. It didn't strike me as odd or scary at first, I mean, it was a dream. Then suddenly I felt totally awake and as if something was on my chest vibrating. The Peppa Pig music and laugh track didn't stop as i woke up, and was suddenly very very loud. I looked to my chest and found my laptop half covered in my blanket on my chest. I saw that it was playing Peppa Pig, and the laugh track didn't stop. Now, obviously I was already freaking out; I knew I hadn't put on Peppa Pig myself and didn’t even have my laptop by my side when falling asleep. I tried to move my arms, but it was as if they were bound by some distortion in space (I know, it makes no sense). I kept trying to move myself but I couldn't. I tried to call for someone but i couldn't say anything. 
I have seen a documentary about sleep paralysis some years ago, hence, I knew what this was. For some reason, knowing that this wasn't real didn't calm me the slightest. I knew consciously that it was all in my head, but it felt SO real. The track continued and I knew that some murderous version of Peppa Pig was lurking behind my door. This went on for maybe 30 seconds and then I woke up completely.

I am very sorry that some of you guys have to deal with this often. This was no doubt one of the most terrifying things I have ever experienced. Maybe this story is confusing, uninteresting or nothing compared to yours but I needed to share it.

(Sorry for messy commas)",60,1580711071.0,"Peppa Pig I've just had my first ever sleep paralysis and I kid you not, it was about Peppa Pig. I know this sounds troll, but I am absolutely serious and need to share this experience to calm my nerves. Some background: I am 17 years old, from Denmark, and have a 3 year old brother that i occasionally watch Peppa Pig with for several hours at a time. Peppa Pig is a children's show, but the characters' laughs at the end of the episodes have always struck me as a little bit eery. The way that they all just crack up for no fucking reason. Just me? Really? Anyways, I had been up for a fairly long time while programming a Python script that i wanted to finish. I fell asleep almost instantly only to then wake up in the middle of the night feeling wide awake. I proceeded to code a little more, since i didn't feel tired at all. Around 1.5 hours before I had to go to school, I decided to try to get a little more sleep, so I took the biggest and most comfortable pillow in the entire apartment (I usually sleep without any pillow). I had a sweet but confusing dream that out of nowhere ended with the laugh track that is always played at the end of Peppa Pig episodes. It didn't strike me as odd or scary at first, I mean, it was a dream. Then suddenly I felt totally awake and as if something was on my chest vibrating. The Peppa Pig music and laugh track didn't stop as i woke up, and was suddenly very very loud. I looked to my chest and found my laptop half covered in my blanket on my chest. I saw that it was playing Peppa Pig, and the laugh track didn't stop. Now, obviously I was already freaking out; I knew I hadn't put on Peppa Pig myself and didn’t even have my laptop by my side when falling asleep. I tried to move my arms, but it was as if they were bound by some distortion in space (I know, it makes no sense). I kept trying to move myself but I couldn't. I tried to call for someone but i couldn't say anything. I have seen a documentary about sleep paralysis some years ago, hence, I knew what this was. For some reason, knowing that this wasn't real didn't calm me the slightest. I knew consciously that it was all in my head, but it felt SO real. The track continued and I knew that some murderous version of Peppa Pig was lurking behind my door. This went on for maybe 30 seconds and then I woke up completely. I am very sorry that some of you guys have to deal with this often. This was no doubt one of the most terrifying things I have ever experienced. Maybe this story is confusing, uninteresting or nothing compared to yours but I needed to share it. (Sorry for messy commas)",INTRUDER,"The narrative focuses on a perceived threatening presence (a murderous version of Peppa Pig) despite also mentioning chest pressure, making the intruder element central.",
egaqr2,Sleepparalysis,94,"Does anyone get “attacked” when they’re close to falling asleep?
It’s 6:40 am right now and I can’t fall asleep because every time I’m close to falling asleep I start getting attacked(?) by the entity or demon. What ever you call it. It’s like it’s waiting for my vulnerable moment to make its move and I start to feel something physically touch me. 


Just happened to me like 4 or 5 times right now and my scared ass had to make a post about it since I can’t even fall asleep without getting harassed",63,1577450608.0,Does anyone get “attacked” when they’re close to falling asleep? It’s 6:40 am right now and I can’t fall asleep because every time I’m close to falling asleep I start getting attacked(?) by the entity or demon. What ever you call it. It’s like it’s waiting for my vulnerable moment to make its move and I start to feel something physically touch me. Just happened to me like 4 or 5 times right now and my scared ass had to make a post about it since I can’t even fall asleep without getting harassed,INTRUDER,"The narrative focuses on a sensed demonic presence that attacks and physically touches the sleeper, emphasizing an intruder rather than chest pressure or movement.",
1u0wvio,Sleepparalysis,158,"Does anyone have rapid fire sleep paralysis?
I’ve noticed when I take a nap sometimes I get what I call “rapid fire sleep paralysis”. It’s me repeatedly “waking up” and having to slither out of bed and drag myself across the floor to the common area all while screaming “HELP! HEEELLPPP!” Once I get to the common area, I just “wake up” and im back in bed again because I never moved in the first place. Sometimes I don’t even make it as far as the common area before I reset in bed as well. And I don’t even wake fully up when I reset.. I just open my eyes, still paralyzed. Rinse and repeat that process about 10-15 times. It’s absolute torture. And by the time I actually wake up, I’m more exhausted than I was before I took my nap. I don’t even take naps anymore after so many sessions of that. Anyone else experience this?",57,1780985881.0,"Does anyone have rapid fire sleep paralysis? I’ve noticed when I take a nap sometimes I get what I call “rapid fire sleep paralysis”. It’s me repeatedly “waking up” and having to slither out of bed and drag myself across the floor to the common area all while screaming “HELP! HEEELLPPP!” Once I get to the common area, I just “wake up” and im back in bed again because I never moved in the first place. Sometimes I don’t even make it as far as the common area before I reset in bed as well. And I don’t even wake fully up when I reset.. I just open my eyes, still paralyzed. Rinse and repeat that process about 10-15 times. It’s absolute torture. And by the time I actually wake up, I’m more exhausted than I was before I took my nap. I don’t even take naps anymore after so many sessions of that. Anyone else experience this?",OTHER,"The narrative describes repeated paralysis and attempts to move without any mention of a sensed presence, chest pressure, or vestibular sensations, so it does not fit the other categories.",Vague/Unclear
ycoaj9,Sleepparalysis,166,"I advise you to never look in the mirror
In my last sp episode I had the brilliant idea of looking at myself in a mirror and it was the most terrifying (hallucinogenic) experience of my life. Everything started to shake really hard, a screeching sound started to play in my ears louder and louder until it turned into desperate screams, I started to sink and all while the reflected image of myself was disfigured and smiling at me at the same time. I had to force my awakening heavily.

for context: i've been suffering from sp for 10 years at irregular but fairly frequent intervals. I've learned to ""enjoy"" exploring the sensations, in fact when I realize I'm in a sp I start modeling what i see (as in this case) to try to understand more about it. 

spoiler, i've figured out almost nothing, neither what causes it nor how to wake up without having to wave myself up absurdly moving my fingers and toes.",56,1666649671.0,"I advise you to never look in the mirror In my last sp episode I had the brilliant idea of looking at myself in a mirror and it was the most terrifying (hallucinogenic) experience of my life. Everything started to shake really hard, a screeching sound started to play in my ears louder and louder until it turned into desperate screams, I started to sink and all while the reflected image of myself was disfigured and smiling at me at the same time. I had to force my awakening heavily. for context: i've been suffering from sp for 10 years at irregular but fairly frequent intervals. I've learned to ""enjoy"" exploring the sensations, in fact when I realize I'm in a sp I start modeling what i see (as in this case) to try to understand more about it. spoiler, i've figured out almost nothing, neither what causes it nor how to wake up without having to wave myself up absurdly moving my fingers and toes.",OTHER,"The narrative focuses on a distorted mirror image and auditory hallucinations without a clear intruder, chest pressure, or vestibular movement.",Vague/Unclear
hvwgu6,Sleepparalysis,160,"my cat saved me from the sp demon
ive had a few episodes of sleep paralysis, all involving this one very skinny tall ‘demon’. i usually have some hallucinations, people i know giggling and running around my room that will then transform into the demon that will creep around my bed and come stand next to me. ive never seen him above his legs. he usually just leans over me, standing there, freaking me the hell out. 
one night i experienced it again, the demon standing a bit further away from me except this time they were reaching out for me, slowly, slowly coming closer with his long boney hands. my cat, who sleeps with me, bit my leg REALLY hard. i ended up screaming and snapping out of it. the demon was gone and my cat was sleeping peacefully next to my legs. since then i havent had a single sp episode. i think he saved me that night.",58,1595433929.0,"my cat saved me from the sp demon ive had a few episodes of sleep paralysis, all involving this one very skinny tall ‘demon’. i usually have some hallucinations, people i know giggling and running around my room that will then transform into the demon that will creep around my bed and come stand next to me. ive never seen him above his legs. he usually just leans over me, standing there, freaking me the hell out. one night i experienced it again, the demon standing a bit further away from me except this time they were reaching out for me, slowly, slowly coming closer with his long boney hands. my cat, who sleeps with me, bit my leg REALLY hard. i ended up screaming and snapping out of it. the demon was gone and my cat was sleeping peacefully next to my legs. since then i havent had a single sp episode. i think he saved me that night.",INTRUDER,"The narrative centers on a sensed demonic presence standing over the sleeper, causing fear, with no emphasis on chest pressure or movement sensations.",
c8eigp,Sleepparalysis,137,"****BREAKTHROUGH*****
I've suffered from SP since i was a child. They have always been shadow figures or aliens. the last 8 months I've been plagued by the Aliens. I've have this terrible fear of them all my life. It freaks me out.... bad. I told my girlfriend about the episodes and she told me to just go with them, and see what they want. Last night they came and I just went with it. It seemed goofy at first but my curiosity seemed to make them back off. I faded into a lucid dream for the first time in many years. It was marvelous. I woke up sort of in a panic as I often do with SP episodes, but I felt OK. For the first time I think i have a weapon! Relief. It feels good!",58,1562098948.0,"****BREAKTHROUGH***** I've suffered from SP since i was a child. They have always been shadow figures or aliens. the last 8 months I've been plagued by the Aliens. I've have this terrible fear of them all my life. It freaks me out.... bad. I told my girlfriend about the episodes and she told me to just go with them, and see what they want. Last night they came and I just went with it. It seemed goofy at first but my curiosity seemed to make them back off. I faded into a lucid dream for the first time in many years. It was marvelous. I woke up sort of in a panic as I often do with SP episodes, but I felt OK. For the first time I think i have a weapon! Relief. It feels good!",INTRUDER,"The narrative focuses on shadow/alien figures as sensed presences, with fear of them, and no mention of chest pressure or movement sensations.",
og4ss3,Sleepparalysis,107,"My sleep paralysis demon was Eric Andre
Yep. This happened about 2 weeks ago. I didn’t see him but I heard him. My eyes were open and I was just staring into the darkness of my room. You know the season finale of season 5 where there’s the muppets parody song that goes like “life is stupid do whatever, you could live or die forever” he was singing that but then his voice turned into this deep dark demonic tone. It was terrifying, and I woke up trying to scream but it was more of “uhh” noise. I think had been watching too much meatcanyon before bed.",57,1625741653.0,"My sleep paralysis demon was Eric Andre Yep. This happened about 2 weeks ago. I didn’t see him but I heard him. My eyes were open and I was just staring into the darkness of my room. You know the season finale of season 5 where there’s the muppets parody song that goes like “life is stupid do whatever, you could live or die forever” he was singing that but then his voice turned into this deep dark demonic tone. It was terrifying, and I woke up trying to scream but it was more of “uhh” noise. I think had been watching too much meatcanyon before bed.",INTRUDER,"The narrative focuses on hearing a demonic voice/presence in the room, with no mention of chest pressure or movement.",
jcuccw,Sleepparalysis,105,"Don’t be scared. It’s a gift
Don’t be scared. I know it’s easier said than done. I’ve had them all my life and sooner or later you must embrace it and use it to your advantage. Getting attacked or occasionally seeing a being can be scary but the more you try and fight back, the easier the experience becomes.

Using SP to break into lucid dreaming has been one of my favorite things I can do that no one I tell understands. You have a unique gift to explore the vast reaches of your mind. Do anything you want. It’s your mind and your world.",55,1602938030.0,"Don’t be scared. It’s a gift Don’t be scared. I know it’s easier said than done. I’ve had them all my life and sooner or later you must embrace it and use it to your advantage. Getting attacked or occasionally seeing a being can be scary but the more you try and fight back, the easier the experience becomes. Using SP to break into lucid dreaming has been one of my favorite things I can do that no one I tell understands. You have a unique gift to explore the vast reaches of your mind. Do anything you want. It’s your mind and your world.",INTRUDER,"The narrative emphasizes seeing a being/being attacked, focusing on a sensed presence rather than chest pressure or movement",
hmavbd,Sleepparalysis,65,"Are our eyes really open?
When we open our eyes during SP are they really open or just a hallucination, i’m asking this because i’ve had times where i’ve been able to move my hands and i’ve touched my phone to turn it on during SP and it didn’t turn on and when I woke up it turned on perfectly by just tapping the screen.",59,1594053029.0,"Are our eyes really open? When we open our eyes during SP are they really open or just a hallucination, i’m asking this because i’ve had times where i’ve been able to move my hands and i’ve touched my phone to turn it on during SP and it didn’t turn on and when I woke up it turned on perfectly by just tapping the screen.",OTHER,"The narrative focuses on confusion about perception and motor ability during SP, without mention of an intruder, chest pressure, or vestibular sensations.",Vague/Unclear
gkyjeq,Sleepparalysis,549,"My boyfriend saw something in my closet while I was having sleep paralysis
Hi guys!! I just wanted to share my experiences with sleep paralysis. 

I have had sleep paralysis occasionally over the past five years. I hadn't had it happen since I moved out of my old house, so I thought maybe it had something to do with that place. But two nights ago it happened at my new place. There are a couple things that happen every time I have it. First, I'm always sleeping on my back. Second, I always wake up towards the end either grunting, crying, or screaming. It's so scary. One time I woke up and my mouth was open, like my chin was almost touching my chest. Anyway, obviously it's terrifying every time it happens. At my old house, I also used to hear music faintly playing after it would happen. Three or four times in the course of six months I had it, and every time afterwards I would hear piano music. I would always check our TV's to see if something got left on, but never did find the source. It was classical piano music. 

So fast forward to a couple nights ago. I've pretty much stopped thinking about it because like I said it hasn't happened in so long. But at 5:45 the other morning I got it so bad. I was grunting/screaming so loud that I actually woke up my boyfriend and our dog in the living room who came in to check on me. Usually it's me trying to make noises to wake him up but it's never actually loud enough. So first thing I remember this time is waking up to my boyfriend shaking me a little bit to try and get me out of it. He told me that it scared him and he didn't know what to do. I immediately started crying and was so confused. I told him I didn't want to talk about it, and went back to sleep for a couple hours. Later that day we started to talk about it and he told me something that scared the sh*t out of me. He said whenever he heard me screaming and woke up, he saw something in our closet. A shadow in the shape of a person, that just slowly disappeared. I know he wouldn't lie about something like that. He said he was debating even telling me because he didn't want me freaking out. But obviously it scared me so bad and now I have trouble sleeping because I keep thinking something is in my room! I feel like a little kid scared of a monster under their bed lol. I just want to know what it is, how do I get rid of it?! Is it a demon? It's not the first time there has been something in my room during it. Once I woke up with it happening at my old house and I saw a dark shadow standing beside my bed. It was definitely holding me down, paralyzing me. When I tell my friends or family, I feel like maybe they don't believe all of it.  

Sorry I know this is long!! Any advice would be awesome or if love to hear any similar stories like this!",58,1589650091.0,"My boyfriend saw something in my closet while I was having sleep paralysis Hi guys!! I just wanted to share my experiences with sleep paralysis. I have had sleep paralysis occasionally over the past five years. I hadn't had it happen since I moved out of my old house, so I thought maybe it had something to do with that place. But two nights ago it happened at my new place. There are a couple things that happen every time I have it. First, I'm always sleeping on my back. Second, I always wake up towards the end either grunting, crying, or screaming. It's so scary. One time I woke up and my mouth was open, like my chin was almost touching my chest. Anyway, obviously it's terrifying every time it happens. At my old house, I also used to hear music faintly playing after it would happen. Three or four times in the course of six months I had it, and every time afterwards I would hear piano music. I would always check our TV's to see if something got left on, but never did find the source. It was classical piano music. So fast forward to a couple nights ago. I've pretty much stopped thinking about it because like I said it hasn't happened in so long. But at 5:45 the other morning I got it so bad. I was grunting/screaming so loud that I actually woke up my boyfriend and our dog in the living room who came in to check on me. Usually it's me trying to make noises to wake him up but it's never actually loud enough. So first thing I remember this time is waking up to my boyfriend shaking me a little bit to try and get me out of it. He told me that it scared him and he didn't know what to do. I immediately started crying and was so confused. I told him I didn't want to talk about it, and went back to sleep for a couple hours. Later that day we started to talk about it and he told me something that scared the sh*t out of me. He said whenever he heard me screaming and woke up, he saw something in our closet. A shadow in the shape of a person, that just slowly disappeared. I know he wouldn't lie about something like that. He said he was debating even telling me because he didn't want me freaking out. But obviously it scared me so bad and now I have trouble sleeping because I keep thinking something is in my room! I feel like a little kid scared of a monster under their bed lol. I just want to know what it is, how do I get rid of it?! Is it a demon? It's not the first time there has been something in my room during it. Once I woke up with it happening at my old house and I saw a dark shadow standing beside my bed. It was definitely holding me down, paralyzing me. When I tell my friends or family, I feel like maybe they don't believe all of it. Sorry I know this is long!! Any advice would be awesome or if love to hear any similar stories like this!",INTRUDER,"The narrative focuses mainly on the sensed shadowy presence in the closet/room, with fear centered on an intruder rather than chest pressure",
dygvvu,Sleepparalysis,56,"I just came here to let you all know, the first time I experienced sleep paralysis a few years ago, it was all of the Teletubbies dancing around me and they were doing an evil ritual dance lmao
Had to get that off my chest bc I’ve been too embarrassed to tell ppl irl. Thank you.",57,1574146350.0,"I just came here to let you all know, the first time I experienced sleep paralysis a few years ago, it was all of the Teletubbies dancing around me and they were doing an evil ritual dance lmao Had to get that off my chest bc I’ve been too embarrassed to tell ppl irl. Thank you.",INTRUDER,"The narrative focuses on seeing figures (Teletubbies) dancing around, indicating a sensed presence rather than chest pressure or movement.",
yzlqnq,Sleepparalysis,165,"Sleep Paralysis Occurs 99% of the time when I sleep on my back.
Hey all, I wanted to hear some insight to any other who experience sleep paralysis mainly when they sleep on their back.

I've had reoccurring sleep paralysis since I was young, I used to get it once a week. But around the time of high school I realized that it mainly occurred when I slept on my back. To prevent it as much as possible I started sleeping on my sides and stomach, this lessened the frequency to once a lonth or once every 2 months. When I sleep on my sides however, since it's the most comfortable position, I sometimes end up turning over on my back and it's like a dice roll most of the time I get in the state of sleep paralysis, other times I don't.

I literally JUST had an episode after taking a little nap. I somehow turned myself over and ended up in that state.",56,1668890970.0,"Sleep Paralysis Occurs 99% of the time when I sleep on my back. Hey all, I wanted to hear some insight to any other who experience sleep paralysis mainly when they sleep on their back. I've had reoccurring sleep paralysis since I was young, I used to get it once a week. But around the time of high school I realized that it mainly occurred when I slept on my back. To prevent it as much as possible I started sleeping on my sides and stomach, this lessened the frequency to once a lonth or once every 2 months. When I sleep on my sides however, since it's the most comfortable position, I sometimes end up turning over on my back and it's like a dice roll most of the time I get in the state of sleep paralysis, other times I don't. I literally JUST had an episode after taking a little nap. I somehow turned myself over and ended up in that state.",OTHER,"The narrative only describes occurrence and seeks advice, without intruder, chest pressure, or vestibular sensations.",Vague/Unclear
qsicaa,Sleepparalysis,80,"Sleep paralysis demon told me he's gonna fuck me lmao?
I know guys, it sounds retarded. I'm not sure if it was a dream that ended up being a sleep paralysis or what. It wouldn't be the first time he ""talked"" to me. Did you ever experience stuff like this and does it have any explanation? Only person I tell about this stuff is my boyfriend because I know he's not gonna make fun of me or think I'm lying.",57,1636743986.0,"Sleep paralysis demon told me he's gonna fuck me lmao? I know guys, it sounds retarded. I'm not sure if it was a dream that ended up being a sleep paralysis or what. It wouldn't be the first time he ""talked"" to me. Did you ever experience stuff like this and does it have any explanation? Only person I tell about this stuff is my boyfriend because I know he's not gonna make fun of me or think I'm lying.",INTRUDER,"The narrative focuses on a sensed demonic presence that speaks and threatens, with no mention of chest pressure or movement.",
i0da9f,Sleepparalysis,174,"Had sleep paralysis at the same time in the same bed as my boyfriend
Me (18f) and my boyfriend (20) had sleep paralysis at the same time for the first time. It was very weird- I was hallucinating and hearing words I couldn’t make out and felt the need to check my surroundings and saw something standing over the bed. He woke up at the same time in a panic after being unable to move... and expressed that he heard heard a strange noise and felt really weird, like he was being touched. The vibes were off the rest of the night I felt horrible Energy in my room. it made it all seem more real that he experienced it as well, the negative energy wasn’t just in my head. What does this mean? Is this common? Really just my question is - what the fuck happened to us? Share your stories and why you think this happens. Like wss is paranormal, does it have something to do with the moon phases or what?",58,1596073336.0,"Had sleep paralysis at the same time in the same bed as my boyfriend Me (18f) and my boyfriend (20) had sleep paralysis at the same time for the first time. It was very weird- I was hallucinating and hearing words I couldn’t make out and felt the need to check my surroundings and saw something standing over the bed. He woke up at the same time in a panic after being unable to move... and expressed that he heard heard a strange noise and felt really weird, like he was being touched. The vibes were off the rest of the night I felt horrible Energy in my room. it made it all seem more real that he experienced it as well, the negative energy wasn’t just in my head. What does this mean? Is this common? Really just my question is - what the fuck happened to us? Share your stories and why you think this happens. Like wss is paranormal, does it have something to do with the moon phases or what?",INTRUDER,"The core of the narrative is the perception of a presence standing over the bed, emphasizing a sensed intruder.",
faykp0,Sleepparalysis,282,"Sexual Sleep paralysis????????
I got Sp ever since I was around 14 and now I'm 17 years old and I always had the scary sp until now. Some are scary but I can prevent myself from panicking and deal with it most of the times. I'd usual feel someone being near me, sit beside me or just nothing, only I can't move.

BUT today it was nothing like that. I decided to have a light nap during the day and got into the sleep paralysis were I could feel something lying on top of me. It wasn't painful or anything, I could just feel light weight on me. 
But then I started feeling something kinda caressing my lady part down there. I was strangely turned on? It just kept on caressing it and then tried to finger me... I could feel one finger kept trying to push in... but it didn't. I could feel light pain everytime it tried. 
I think the reason it wouldn't go further is because I don't have any experience with anything going inside me. 
I think this Sp is kind of related to what we imagine and experienced right?

I'm kind of ashamed to admit it but I lowkey demanded for more in the middle of it... also i might've entered a lucid dream state in the middle because the demon or ghost whatever it was took a form of my favorite character 💀💀 
All that happened for like 3 or 4 minutes. 

Idk how to feel about it. I didn't hate it, I might've enjoyed it bit more than I expected (even more ahsamed now) Is this normal and is it even normal to enjoy it?",58,1582912109.0,"Sexual Sleep paralysis???????? I got Sp ever since I was around 14 and now I'm 17 years old and I always had the scary sp until now. Some are scary but I can prevent myself from panicking and deal with it most of the times. I'd usual feel someone being near me, sit beside me or just nothing, only I can't move. BUT today it was nothing like that. I decided to have a light nap during the day and got into the sleep paralysis were I could feel something lying on top of me. It wasn't painful or anything, I could just feel light weight on me. But then I started feeling something kinda caressing my lady part down there. I was strangely turned on? It just kept on caressing it and then tried to finger me... I could feel one finger kept trying to push in... but it didn't. I could feel light pain everytime it tried. I think the reason it wouldn't go further is because I don't have any experience with anything going inside me. I think this Sp is kind of related to what we imagine and experienced right? I'm kind of ashamed to admit it but I lowkey demanded for more in the middle of it... also i might've entered a lucid dream state in the middle because the demon or ghost whatever it was took a form of my favorite character 💀💀 All that happened for like 3 or 4 minutes. Idk how to feel about it. I didn't hate it, I might've enjoyed it bit more than I expected (even more ahsamed now) Is this normal and is it even normal to enjoy it?",INTRUDER,"The narrative focuses on a sensed entity that lies on the sleeper and engages in sexual contact, emphasizing the presence of an intruder rather than chest pressure or movement.",
uakr48,Sleepparalysis,120,"I get strangled and raped by my paralysis.
I would say I get sleep paralysis almost every night, often more certainly when I’m stressed. It ALWAYS involves me having a feeling of getting strangled, sometimes I just accept it other days I try gasping for air and wanting to fight back, but being just that, paralysed. On very FEW occasions I get the feeling of being penetrated, those are the worst. They are so horrible that I tend to sleep with a pillow covering my ass. 

Just wanted to get this off my chest, figured if anyone could relate it’s you guys. I’m getting used to it, I no longer get “shaken” afterwards, it’s just part of my sleep schedule….",54,1650767276.0,"I get strangled and raped by my paralysis. I would say I get sleep paralysis almost every night, often more certainly when I’m stressed. It ALWAYS involves me having a feeling of getting strangled, sometimes I just accept it other days I try gasping for air and wanting to fight back, but being just that, paralysed. On very FEW occasions I get the feeling of being penetrated, those are the worst. They are so horrible that I tend to sleep with a pillow covering my ass. Just wanted to get this off my chest, figured if anyone could relate it’s you guys. I’m getting used to it, I no longer get “shaken” afterwards, it’s just part of my sleep schedule….",INCUBUS,"The narrative focuses on choking, strangulation, and chest pressure sensations typical of incubus experiences",
ivsk4w,Sleepparalysis,102,"Raped??? by my sleep paralysis demon, ended up liking it, now feel gross.
Like the title suggested, yeah, that happened. I’ve been having sleep paralysis a few times a week now. It used to be a yearly thing starting 5 years ago. 

In the middle of episode, the usual thing happened, shadow man figure sat on my chest, making me unable to breathe, I still couldn’t move, but he held both my hands up to the bed and started doing it. I just felt so weird after I woke up because I remembered enjoying it. How do I even cope with this",54,1600522170.0,"Raped??? by my sleep paralysis demon, ended up liking it, now feel gross. Like the title suggested, yeah, that happened. I’ve been having sleep paralysis a few times a week now. It used to be a yearly thing starting 5 years ago. In the middle of episode, the usual thing happened, shadow man figure sat on my chest, making me unable to breathe, I still couldn’t move, but he held both my hands up to the bed and started doing it. I just felt so weird after I woke up because I remembered enjoying it. How do I even cope with this",INTRUDER_INCUBUS,"The narrative describes a shadow figure (intruder) sitting on the chest causing pressure and breathing difficulty (incubus), with both elements equally emphasized.",
ijvrrm,Sleepparalysis,195,"Drawing of my Sleep Paralysis ""Demon""...
IDK if anyone is actually interested in seeing this but sharing it anyway... So in the early hours a couple days ago I experienced sleep paralysis for about the millionth time in my life. It still scares me a bit, but I've been trying to overcome the fear and take more notice of what I see during SP. Recently I've been getting SP a LOT and have been seeing a hooded shadow entity both at night/during SP and also during the day. This time I got a real good look of its face so thought I'd share what I saw.

It was wearing robes of all black that were tattered and frayed at the ends. It had a grey/purple type chain mail hood underneath it's black hooded robe. Its skin was grey and kinda shrivelled, and its eyes were basically just black holes. It also heard it say the words ""I'm here to cause pain"", twice.

 pic: [https://ibb.co/2KxP4Xn](https://ibb.co/2KxP4Xn) (I tried my best to draw exactly what I saw but it was kinda difficult).

Anyone else seen the same thing or any similarities between this and what others have seen?",56,1598870969.0,"Drawing of my Sleep Paralysis ""Demon""... IDK if anyone is actually interested in seeing this but sharing it anyway... So in the early hours a couple days ago I experienced sleep paralysis for about the millionth time in my life. It still scares me a bit, but I've been trying to overcome the fear and take more notice of what I see during SP. Recently I've been getting SP a LOT and have been seeing a hooded shadow entity both at night/during SP and also during the day. This time I got a real good look of its face so thought I'd share what I saw. It was wearing robes of all black that were tattered and frayed at the ends. It had a grey/purple type chain mail hood underneath it's black hooded robe. Its skin was grey and kinda shrivelled, and its eyes were basically just black holes. It also heard it say the words ""I'm here to cause pain"", twice. pic: [ (I tried my best to draw exactly what I saw but it was kinda difficult). Anyone else seen the same thing or any similarities between this and what others have seen?",INTRUDER,"The narrative centers on a sensed hostile entity (a hooded shadow demon) and the fear of its presence, with no mention of chest pressure or movement sensations.",
ii2bly,Sleepparalysis,181,"I vanquished my sleep paralysis monster
I woke up last night, my closet door was open, i always keep it closed. There was a shadow figure standing in front of it. My body couldn't move. I just remember feeling so angry and violated. This is the first time I had an experience in this room, which I moved to because I kept having sleep paralysis in the room I used to be in. I was so angry it was happening again, that while my body couldn't move, this big angry black force of energy came out of my body and charged the shadow person. A loud, guttural yell came from this energy as it charged toward the shadow. When it came face to face to face with the shadow, the shadow disappeared. I could move again, and the energy force was gone. I sat up, turned on the light, and couldn't sleep again for the rest of the night. 

Something about that experience makes me feel so empowered. I mustered something deep inside myself that was more powerful than any shadow.",55,1598597542.0,"I vanquished my sleep paralysis monster I woke up last night, my closet door was open, i always keep it closed. There was a shadow figure standing in front of it. My body couldn't move. I just remember feeling so angry and violated. This is the first time I had an experience in this room, which I moved to because I kept having sleep paralysis in the room I used to be in. I was so angry it was happening again, that while my body couldn't move, this big angry black force of energy came out of my body and charged the shadow person. A loud, guttural yell came from this energy as it charged toward the shadow. When it came face to face to face with the shadow, the shadow disappeared. I could move again, and the energy force was gone. I sat up, turned on the light, and couldn't sleep again for the rest of the night. Something about that experience makes me feel so empowered. I mustered something deep inside myself that was more powerful than any shadow.",INTRUDER,"The narrative centers on a shadow figure intruding in the room and the fear/anger toward that presence, with no primary chest pressure or vestibular sensations.",
jwqmug,Sleepparalysis,183,"My demon tricked me
I get sleep paralysis very often and ive grown very accustomed to it. I usually dont get frightened or panic because I understand what is happening. Two nights ago i woke up not long after falling asleep and i was having an episode. My eyes were shut and i kept them that way waiting for it to pass. Then i say light shining on my eye lids as if my bedroom door had been opened to the hallway and i heard my roommates voice asking me a question. I thought he was their and i opened my eyes. The room was pitch dark, the door wasnt open and my roommate was not talking to me. Standing on the right side of my bed was a tall, wide figure staring down at me. I couldnt close my eyes again after opening them. 
My sleep paralysis demon used my concern for my roommate against me and tricked me into opening my eyes, knowing i wouldnt be able to shut them again.
First time i had a truly scary experience in months.",51,1605740550.0,"My demon tricked me I get sleep paralysis very often and ive grown very accustomed to it. I usually dont get frightened or panic because I understand what is happening. Two nights ago i woke up not long after falling asleep and i was having an episode. My eyes were shut and i kept them that way waiting for it to pass. Then i say light shining on my eye lids as if my bedroom door had been opened to the hallway and i heard my roommates voice asking me a question. I thought he was their and i opened my eyes. The room was pitch dark, the door wasnt open and my roommate was not talking to me. Standing on the right side of my bed was a tall, wide figure staring down at me. I couldnt close my eyes again after opening them. My sleep paralysis demon used my concern for my roommate against me and tricked me into opening my eyes, knowing i wouldnt be able to shut them again. First time i had a truly scary experience in months.",INTRUDER,"The story centers on a sensed tall figure and the fear of an intruding presence, with no emphasis on chest pressure or movement sensations.",
gvqh5k,Sleepparalysis,76,"02 gave me a blowjob
I don't always take sleep paralysis seriously. I just think:my brain can do everything to this and i am lucid through this so i can sense stuff. Why not think about hentai? First time i was scared as hell as the pillow started eating my hair but the second time i just had an anime girl 69ing me. I was about to lick the pussy when i woke up, very sad.",55,1591175120.0,"02 gave me a blowjob I don't always take sleep paralysis seriously. I just think:my brain can do everything to this and i am lucid through this so i can sense stuff. Why not think about hentai? First time i was scared as hell as the pillow started eating my hair but the second time i just had an anime girl 69ing me. I was about to lick the pussy when i woke up, very sad.",OTHER,"The narrative focuses on sexual hallucinations without clear intruder, chest pressure, or vestibular sensations",Vague/Unclear
1vk9mh5,Sleepparalysis,146,"Question about sleep paralysis
I’ve had this my entire life. I absolutely hate it. I’ve done so much research on this over the course of my life and a conclusion is it happens because our minds wake up before our muscles do. I fell asleep in the living room and had it again. For some reason almost every time I get it I feel like it’s the first time. I genuinely thought this would last forever and I’d be wheelchair bound for the rest of my life. I was making noises because I was scared and my mom saw me and woke me up. I’m just asking, why could my mom wake me out of it but not myself ? Basically I’m asking if it happens bc our minds wake before our muscles, did my mom waking me up also make my muscles ‘wake up’ ?",1,1786332218.0,"Question about sleep paralysis I’ve had this my entire life. I absolutely hate it. I’ve done so much research on this over the course of my life and a conclusion is it happens because our minds wake up before our muscles do. I fell asleep in the living room and had it again. For some reason almost every time I get it I feel like it’s the first time. I genuinely thought this would last forever and I’d be wheelchair bound for the rest of my life. I was making noises because I was scared and my mom saw me and woke me up. I’m just asking, why could my mom wake me out of it but not myself ? Basically I’m asking if it happens bc our minds wake before our muscles, did my mom waking me up also make my muscles ‘wake up’ ?",OTHER,"The narrative is a question about the mechanism of sleep paralysis and lacks any described intruder, chest pressure, or vestibular sensations.",Vague/Unclear
1vk3j6o,Sleepparalysis,110,"Is it all a mind game ??
i haven't had sleep paralysis since a long time now i used to have them very frequently but i noticed that when i became busy in life i stopped having sleep paralysis. like i don't think of them I dont have them and if I think of it very much i get a episode. why so ? and is this it ? I stopped caring and focusing on my sleep paralysis episodes so they just disappeared like they were nothing and while i am writing this post i have a feeling i can get one soon cuz i just thought about it XD.",4,1786315155.0,Is it all a mind game ?? i haven't had sleep paralysis since a long time now i used to have them very frequently but i noticed that when i became busy in life i stopped having sleep paralysis. like i don't think of them I dont have them and if I think of it very much i get a episode. why so ? and is this it ? I stopped caring and focusing on my sleep paralysis episodes so they just disappeared like they were nothing and while i am writing this post i have a feeling i can get one soon cuz i just thought about it XD.,OTHER,"The narrative only discusses thoughts about sleep paralysis and its frequency, without describing any intruder, chest pressure, or vestibular sensations.",Vague/Unclear
1vk35rl,Sleepparalysis,69,"Sleep paralysis on repeat
I just woke up from a nap……..I had sleep paralysis through the entire thing and I was sleeping on my right side. I thought I could wake myself up out of it but every time it didn’t work. It just kept on repeating and repeating and I’m shaking right now. Like being awake right now even feels like I’m not awake. What is going on?",3,1786314223.0,Sleep paralysis on repeat I just woke up from a nap……..I had sleep paralysis through the entire thing and I was sleeping on my right side. I thought I could wake myself up out of it but every time it didn’t work. It just kept on repeating and repeating and I’m shaking right now. Like being awake right now even feels like I’m not awake. What is going on?,OTHER,"The narrative only describes repeated paralysis and confusion without any mention of a presence, chest pressure, or movement sensations.",Vague/Unclear
1vjzodc,Sleepparalysis,430,"Valerian Root induced Sleep paralysis
I’m currently snuggled in my bed at 5am after waking up from 2 back to back episodes (which has never happened).

Last night, I was really restless and energetic after the gym and sauna. My brother offered me a sleep tea with some valerian root in it. I usually drink this tea and have a wonderful sleep with vivid dreams, (We both call it the dream elixir because of the crazy cool dreams we both have from it LOL). So I drank a cup.

Half an hour later I was still restless, so I thought to have another cup (I have done this before)  
Oh boy was that a mistake

I knocked out 10 minutes after drinking the cup at around 11am, was having a really deep sleep and strange but really cool dreams with too much happening in them to explain but all I can say is that at 3am, and at 5am i woke up with 2 different episodes which has pretty much never happened before (i usually only get 1 every 2 months).

The 1st one I brushed off, got up and drank a glass of water and headed back to sleep expecting the next time i wake up will be for my alarm (this was not the case). As I layed back down and closed my eyes, I was seeing almost psychedelic colour patterns behind my eye lids. At this point I realised the 2 sleep teas are still in effect and are very much sedating as they claim to be.

I then woke up again at 5am with a loooong sleep paralysis. This felt like it wouldn’t end (it went for around 10 minutes, but we all know that feels like forever in an SP episode). I was feeling pressure on my blanket like something was walking on it. I heard a voice (I forgot what it said, but it was a distorted voice of a lady) which walked over to me and I felt it start KISSING ME on my LIPS and NECK!!! This was also not a normal kiss, it was more French like which was even more disturbing.

As I was so traumatised and weirded out from that happening, immediately after I literally tried to blur out the words “why the FUCK would you do that, that was disgusting!” (I couldn’t because I was still paralysed)

Thankfully right after that I woke up and I’m comfortable to say I’m not going to get much more sleep tonight.

Lesson learnt:  
No double tea-bagging valerian root sleep tea!!! 😂",2,1786305614.0,"Valerian Root induced Sleep paralysis I’m currently snuggled in my bed at 5am after waking up from 2 back to back episodes (which has never happened). Last night, I was really restless and energetic after the gym and sauna. My brother offered me a sleep tea with some valerian root in it. I usually drink this tea and have a wonderful sleep with vivid dreams, (We both call it the dream elixir because of the crazy cool dreams we both have from it LOL). So I drank a cup. Half an hour later I was still restless, so I thought to have another cup (I have done this before) Oh boy was that a mistake I knocked out 10 minutes after drinking the cup at around 11am, was having a really deep sleep and strange but really cool dreams with too much happening in them to explain but all I can say is that at 3am, and at 5am i woke up with 2 different episodes which has pretty much never happened before (i usually only get 1 every 2 months). The 1st one I brushed off, got up and drank a glass of water and headed back to sleep expecting the next time i wake up will be for my alarm (this was not the case). As I layed back down and closed my eyes, I was seeing almost psychedelic colour patterns behind my eye lids. At this point I realised the 2 sleep teas are still in effect and are very much sedating as they claim to be. I then woke up again at 5am with a loooong sleep paralysis. This felt like it wouldn’t end (it went for around 10 minutes, but we all know that feels like forever in an SP episode). I was feeling pressure on my blanket like something was walking on it. I heard a voice (I forgot what it said, but it was a distorted voice of a lady) which walked over to me and I felt it start KISSING ME on my LIPS and NECK!!! This was also not a normal kiss, it was more French like which was even more disturbing. As I was so traumatised and weirded out from that happening, immediately after I literally tried to blur out the words “why the FUCK would you do that, that was disgusting!” (I couldn’t because I was still paralysed) Thankfully right after that I woke up and I’m comfortable to say I’m not going to get much more sleep tonight. Lesson learnt: No double tea-bagging valerian root sleep tea!!! 😂",INTRUDER,"The narrative focuses on a sensed presence with a voice and a disturbing kiss, emphasizing an intruder rather than chest pressure or movement",
1vjoh7l,Sleepparalysis,270,"Sexual assault hallucinations during paralysis
Recently I’ve had a reoccurring hallucination of someone putting their lips on my neck and holding them there for minutes. I of course cannot move or push them away at all. 

I’ve had many experiences of sleep paralysis but this is the first hallucination where I’m getting touched, with the exception of one where I got kicked. 

I’ve had this happen three times. Once a month for the past three months. 

The sensation is VERY strong. I can undoubtedly feel the lips on my neck. 

First two times it was a male figure and the last time it was my ex gf. The first two times I was trying desperately to get the person off. The third time w my ex, I did not fight it, thinking I should “enjoy” it, thinking “I’ve let her do it before”, etc. the latter experience was still off-putting, but way less than the first two. I think trying to move makes the experience unbearable. Ofc I don’t realize it’s not real while it’s happening.

I will say these experiences are more like dreams than traditional paralysis, where I’m aware that I am on my bed. They are more like dreams where I can feel everything, and have a paralyzed body that I can feel as well. 

With other negative sleep paralysis experiences, and regular nightmares, I wake up feeling relieved it wasn’t real (“my computer wasn’t ACTUALLY on fire; I just hallucinated it. Phew”) but with this one I do not feel that way. I actually got sexually assaulted. I felt everything. I do not wake up relieved.",4,1786278025.0,"Sexual assault hallucinations during paralysis Recently I’ve had a reoccurring hallucination of someone putting their lips on my neck and holding them there for minutes. I of course cannot move or push them away at all. I’ve had many experiences of sleep paralysis but this is the first hallucination where I’m getting touched, with the exception of one where I got kicked. I’ve had this happen three times. Once a month for the past three months. The sensation is VERY strong. I can undoubtedly feel the lips on my neck. First two times it was a male figure and the last time it was my ex gf. The first two times I was trying desperately to get the person off. The third time w my ex, I did not fight it, thinking I should “enjoy” it, thinking “I’ve let her do it before”, etc. the latter experience was still off-putting, but way less than the first two. I think trying to move makes the experience unbearable. Ofc I don’t realize it’s not real while it’s happening. I will say these experiences are more like dreams than traditional paralysis, where I’m aware that I am on my bed. They are more like dreams where I can feel everything, and have a paralyzed body that I can feel as well. With other negative sleep paralysis experiences, and regular nightmares, I wake up feeling relieved it wasn’t real (“my computer wasn’t ACTUALLY on fire; I just hallucinated it. Phew”) but with this one I do not feel that way. I actually got sexually assaulted. I felt everything. I do not wake up relieved.",INTRUDER,"The narrative centers on a sensed presence touching the narrator's body, emphasizing a person/figure rather than chest pressure or movement.",
1vjoe8f,Sleepparalysis,252,"sleep paralysis
Lately I keep getting sleep paralysis dreams where I wake up and I cant speak or I try to move but I barely can. well just now I had one and I only slept for 20 minutes and woke up all sweaty. sonin the dream I was where I m sleeping and I tried opening my eyes but everytime I saw a dark figure and then my eyes forced themselves closed I then tried to wake up but I was in the dream again I always try very hard to open my eyes in the dream but they close like I m sleepy. then in the next wake up inside the dream I tried standing up and going to see if my brother could help me so I actually managed to stand up and when I walked a lil I saw the dark figure and I fell it was like keep shutting my eyes and I was feeling around the house to direct myself when I managed to get to my brother's room I woke him up in the dream and then I actually woke up normally. This has happened again in the past even when I slept in the same room as my brother where I used to try to make my breathing sound like I need help because I used to not be able to move atall. Also they feel so real and I feel like it hurts to move in those dreams. For content I am M18.",2,1786277789.0,sleep paralysis Lately I keep getting sleep paralysis dreams where I wake up and I cant speak or I try to move but I barely can. well just now I had one and I only slept for 20 minutes and woke up all sweaty. sonin the dream I was where I m sleeping and I tried opening my eyes but everytime I saw a dark figure and then my eyes forced themselves closed I then tried to wake up but I was in the dream again I always try very hard to open my eyes in the dream but they close like I m sleepy. then in the next wake up inside the dream I tried standing up and going to see if my brother could help me so I actually managed to stand up and when I walked a lil I saw the dark figure and I fell it was like keep shutting my eyes and I was feeling around the house to direct myself when I managed to get to my brother's room I woke him up in the dream and then I actually woke up normally. This has happened again in the past even when I slept in the same room as my brother where I used to try to make my breathing sound like I need help because I used to not be able to move atall. Also they feel so real and I feel like it hurts to move in those dreams. For content I am M18.,INTRUDER,"The narrative focuses on repeatedly seeing a dark figure and fear of its presence, making the intruder element most central.",
1vjknre,Sleepparalysis,172,"Weird experience
I wanna start off by saying i don't get regular sleep paralysis, and am unsure if what i'm experiencing counts i guess? Just curious if others maybe get the same thing.

Very rarely, but still enough to be notable, i get into a state that i'd call between awake and asleep. It feels like i wake up, i'm aware of things around me, and with some effort i can open my eyes. I don't see anything special, the only thing that happens is i'm in (and i can't stress the word enough) excruciating pain and feel this intense pressure, mostly in my head, and i can't move.

I mean i am paralysed during i guess, just haven't seen anyone describe a similar experience.

I have blood pressure issues and the pressure i get during those things sometimes feels like a lot more intense version of what i feel before passing out, but it's still very distinct to the point i think it might not be related, so i'm asking here.",1,1786264942.0,"Weird experience I wanna start off by saying i don't get regular sleep paralysis, and am unsure if what i'm experiencing counts i guess? Just curious if others maybe get the same thing. Very rarely, but still enough to be notable, i get into a state that i'd call between awake and asleep. It feels like i wake up, i'm aware of things around me, and with some effort i can open my eyes. I don't see anything special, the only thing that happens is i'm in (and i can't stress the word enough) excruciating pain and feel this intense pressure, mostly in my head, and i can't move. I mean i am paralysed during i guess, just haven't seen anyone describe a similar experience. I have blood pressure issues and the pressure i get during those things sometimes feels like a lot more intense version of what i feel before passing out, but it's still very distinct to the point i think it might not be related, so i'm asking here.",OTHER,"The narrative focuses on intense head pressure and pain without any sensed intruder, chest pressure, or movement sensations, so it does not fit the other categories.",Vague/Unclear
1vjitix,Sleepparalysis,117,"Sleep paralysis and grief
Not sure if this is within the rules to talk about or not but remove if needed. Has anybody experienced more frequent sleep paralysis after someone close passing away? 

In my sleep paralysis there isn't ever a 'demon', its just auditory hallucinations. I can usually hear my recently deceased mothers voice and 'feel her presence'. It's incredibly distressing and takes me by surprise each time, usually with me ending up sobbing.

But last night for the first time since her passing, I had sleep paralysis and didnt hear her voice... I was almost disappointed? Like I wanted to actually hear it even if its a hallucination because I miss the sound so much.",1,1786258422.0,"Sleep paralysis and grief Not sure if this is within the rules to talk about or not but remove if needed. Has anybody experienced more frequent sleep paralysis after someone close passing away? In my sleep paralysis there isn't ever a 'demon', its just auditory hallucinations. I can usually hear my recently deceased mothers voice and 'feel her presence'. It's incredibly distressing and takes me by surprise each time, usually with me ending up sobbing. But last night for the first time since her passing, I had sleep paralysis and didnt hear her voice... I was almost disappointed? Like I wanted to actually hear it even if its a hallucination because I miss the sound so much.",INTRUDER,"The narrative centers on sensing the presence and voice of a deceased person, a classic intruder-type presence experience.",
1vjilps,Sleepparalysis,144,"Experience validated?
I (35M) had a bad episode during my nap today that was wild. I drank a bit of coffee and had a busy day and took a nap around 1-3pm...

I had covers above my face with a small sliver open at the bottom. I woke up in sleep paralysis and could open my eyes barely and see through the slit from my couch towards a desk and wall... i saw a dark shadow/shape lingering and slowly coming towards me. The dog started growling when it was right in the same area the dog was, granted she might have been sleeping...

Then it hovered above me. I couldn't see it but i knew it. Then it grabbed my foot and my toes started cramping until I woke up and stretched them. 

It was a lot of coincidences... any similar experiences or thoughts?",2,1786257688.0,"Experience validated? I (35M) had a bad episode during my nap today that was wild. I drank a bit of coffee and had a busy day and took a nap around 1-3pm... I had covers above my face with a small sliver open at the bottom. I woke up in sleep paralysis and could open my eyes barely and see through the slit from my couch towards a desk and wall... i saw a dark shadow/shape lingering and slowly coming towards me. The dog started growling when it was right in the same area the dog was, granted she might have been sleeping... Then it hovered above me. I couldn't see it but i knew it. Then it grabbed my foot and my toes started cramping until I woke up and stretched them. It was a lot of coincidences... any similar experiences or thoughts?",INTRUDER,"The narrative centers on a perceived shadowy figure approaching and interacting, with the intruder presence being the primary focus.",
1vjhr0i,Sleepparalysis,160,"I’ve had sleep paralysis before, but this time I literally felt like I was floating


I’ve experienced sleep paralysis before, so the paralysis itself wasn’t new to me. It happens to me occasionally, and I’m somewhat familiar with the feeling of being unable to move while being half-awake/half-asleep.

But this time something completely different happened.

Along with the sleep paralysis, I had this really strange dream, and at some point I literally felt like I was floating in the air.

I know this probably sounds hard to believe, but I swear I actually felt it. It didn’t feel like a normal dream or imagination. The sensation felt incredibly real, like my body was actually being lifted and floating above the bed.

When I finally woke up properly, I was just lying in my bed and thinking, “What the hell just happened?” 😭

I’ve had sleep paralysis many times before, but I’ve never experienced the floating sensation like this.

So scary",1,1786254743.0,"I’ve had sleep paralysis before, but this time I literally felt like I was floating I’ve experienced sleep paralysis before, so the paralysis itself wasn’t new to me. It happens to me occasionally, and I’m somewhat familiar with the feeling of being unable to move while being half-awake/half-asleep. But this time something completely different happened. Along with the sleep paralysis, I had this really strange dream, and at some point I literally felt like I was floating in the air. I know this probably sounds hard to believe, but I swear I actually felt it. It didn’t feel like a normal dream or imagination. The sensation felt incredibly real, like my body was actually being lifted and floating above the bed. When I finally woke up properly, I was just lying in my bed and thinking, “What the hell just happened?” 😭 I’ve had sleep paralysis many times before, but I’ve never experienced the floating sensation like this. So scary",VESTIBULAR_MOTOR,The narrative focuses on a vivid floating sensation without mention of a presence or chest pressure.,
1vjfy44,Sleepparalysis,154,"A presence in my paralysis?!?!?
When i get sleep paralysis I feel a heavy shaking/rumbling in the atmosphere and my ears and a heavy energy like a strong spirtual presense lf some sort or like a huge gust of wind and i get it multiple times every other night or so and i always close my eyes shut when it happens bcs the shaking and gusts come in cycles. Like I feel a gust and shaking then it stops for 3 seconds then comes back. Ive been too scared to open my eyes but ive found a way to get out of the paralization by slowly moving my fingers. This happens around 2-3 times every 2 or 3 days and I also lucid dream alot and I have very ""creative?"" Dreams that are very hyper realistic?? Im just reaching out to see if anyone relates bcs I dont see anyone with the same experience",1,1786248783.0,"A presence in my paralysis?!?!? When i get sleep paralysis I feel a heavy shaking/rumbling in the atmosphere and my ears and a heavy energy like a strong spirtual presense lf some sort or like a huge gust of wind and i get it multiple times every other night or so and i always close my eyes shut when it happens bcs the shaking and gusts come in cycles. Like I feel a gust and shaking then it stops for 3 seconds then comes back. Ive been too scared to open my eyes but ive found a way to get out of the paralization by slowly moving my fingers. This happens around 2-3 times every 2 or 3 days and I also lucid dream alot and I have very ""creative?"" Dreams that are very hyper realistic?? Im just reaching out to see if anyone relates bcs I dont see anyone with the same experience",INTRUDER,"The narrative focuses on sensing a strong spiritual presence and atmospheric disturbances, with fear of an entity, without chest pressure or movement sensations.",
1vjavaj,Sleepparalysis,483,"Think I had sleep paralysis last night, want to know if this matches others' experiences
So last night my grandma came to stay, which meant my little brother gave up his bed for her, and I gave up my bed for him, so I ended up sleeping on a low-bed I basically never use anymore. I'm usually awake until around 12-1 AM, but last night I was up till 2:33 AM before even trying to sleep.

When I finally laid down, it felt off almost immediately. No pillow, and the mattress felt hard as a rock compared to what I'm used to. I tried for a while to just fall asleep anyway and couldn't.

At some point, out of nowhere, a thought crossed my mind about a friend from school who passed away a couple years ago — I found myself thinking about how much she's missed since then. Not sure why that came up right then, but it did.

After that I gave up on the low-bed and moved to sleep next to my brother instead, which felt a bit more comfortable at first. But soon the same restlessness came back — bed felt hard again, I could feel my eyes getting strained from lack of sleep. Then, again out of nowhere, I got this feeling that someone was watching me from across the room. My eyes were closed the whole time, but I could still ""see"" this presence somehow. I want to be clear this wasn't anything real, just a very vivid sensation/thought in my head.

Shortly after that is when the physical part started. I felt like something was trying to enter my body from my side. Then a warm, strong sensation spread through me, kind of traveling from my left ear to my right, accompanied by this really disturbing sound I genuinely can't describe well — just deeply unsettling. After a bit, that sensation calmed down.

A few minutes later my brother's alarm went off. I turned it off, it went off two more times, and I finally had him shut it off completely since I was already struggling so hard to sleep.

Right after that, the same warm/strong ""energy"" feeling came back through my body. This time it got intense enough that I couldn't move my hand, and my eyes felt like they were only half-open, like I was stuck between awake and asleep. I tried to move my hand to break out of it and couldn't the first time. I tried again, put everything I had into it mentally and physically, and finally broke free.

After that I tried to sleep again but couldn't stop thinking about what had just happened. I was still fully awake at 5:34 AM, never got a wink of sleep the entire night.

Has anyone experienced something like this? What actually helped you prevent it or get through it when it happens?",1,1786233452.0,"Think I had sleep paralysis last night, want to know if this matches others' experiences So last night my grandma came to stay, which meant my little brother gave up his bed for her, and I gave up my bed for him, so I ended up sleeping on a low-bed I basically never use anymore. I'm usually awake until around 12-1 AM, but last night I was up till 2:33 AM before even trying to sleep. When I finally laid down, it felt off almost immediately. No pillow, and the mattress felt hard as a rock compared to what I'm used to. I tried for a while to just fall asleep anyway and couldn't. At some point, out of nowhere, a thought crossed my mind about a friend from school who passed away a couple years ago — I found myself thinking about how much she's missed since then. Not sure why that came up right then, but it did. After that I gave up on the low-bed and moved to sleep next to my brother instead, which felt a bit more comfortable at first. But soon the same restlessness came back — bed felt hard again, I could feel my eyes getting strained from lack of sleep. Then, again out of nowhere, I got this feeling that someone was watching me from across the room. My eyes were closed the whole time, but I could still ""see"" this presence somehow. I want to be clear this wasn't anything real, just a very vivid sensation/thought in my head. Shortly after that is when the physical part started. I felt like something was trying to enter my body from my side. Then a warm, strong sensation spread through me, kind of traveling from my left ear to my right, accompanied by this really disturbing sound I genuinely can't describe well — just deeply unsettling. After a bit, that sensation calmed down. A few minutes later my brother's alarm went off. I turned it off, it went off two more times, and I finally had him shut it off completely since I was already struggling so hard to sleep. Right after that, the same warm/strong ""energy"" feeling came back through my body. This time it got intense enough that I couldn't move my hand, and my eyes felt like they were only half-open, like I was stuck between awake and asleep. I tried to move my hand to break out of it and couldn't the first time. I tried again, put everything I had into it mentally and physically, and finally broke free. After that I tried to sleep again but couldn't stop thinking about what had just happened. I was still fully awake at 5:34 AM, never got a wink of sleep the entire night. Has anyone experienced something like this? What actually helped you prevent it or get through it when it happens?",INTRUDER,"The narrative emphasizes a sensed presence watching the narrator and a feeling of an entity trying to enter, with fear centered on an intruder rather than chest pressure or movement sensations.",
1vj9861,Sleepparalysis,79,"Am i hurting myself when im in sleep paralysis??
Okay so yup still non stop of sleep paralysis and everytime i wake up my shoulder is sore, like my muscles are sore, in sleep paralysis i feel pins and needles but no touches or anything like that, im just wondering am i moving while im in sleep paralysis?? Am i possibly banging my arm or my neck? Because im quite near objects  and metal my arm really hurts rn.",1,1786228855.0,"Am i hurting myself when im in sleep paralysis?? Okay so yup still non stop of sleep paralysis and everytime i wake up my shoulder is sore, like my muscles are sore, in sleep paralysis i feel pins and needles but no touches or anything like that, im just wondering am i moving while im in sleep paralysis?? Am i possibly banging my arm or my neck? Because im quite near objects and metal my arm really hurts rn.",OTHER,"The narrative focuses on bodily soreness and pins‑and‑needles without any intruder, chest pressure, or movement sensations, so it does not fit the other categories.",Somatic/Physical
1vj7xhu,Sleepparalysis,1454,"Sleep paralysis and my undiagnosed sleep disorder (maybe?)
Hello,

I'm 24 years old and female and not a native english speaker (please dont make fun of my english). 

Doctors think I might have a cronic illness or smthing like that but I'm desperate for any advise or insight bc the specialists that are supposed to help me just dont take paitients right now and are fully booked till one year from now.

And Im also afraid they wont even help me bc I have been refered to many specialist that couldnt give me  a diagnosis (and they also had long ass wait lists)

So I thougth I could give reddit a try.

About my sympthoms and medical history:

When I was 10 I had my first sleep paralysis and from then on had them frecently. I would say once a month at least but that means sometimes a lot in a week and sometimes I went two or three times without. 

When I was a little older, I think 12-13 years old, I developed episodes of insomnia. Could not sleep for two nights in a row then sleept a little bit (like 2-3 hours) at night for a few days before having normal nights again and then boom repeat. 

At school I was falling asleep alot and I used certain periods to just sleep.

Sleep paralysis continued. I did not tell anyone about any of my symptoms till adulthood. 

I was doing sports every day in my normal school week, so I was physically capable. Sleep paralysis got creepy with figures looking at me for long times and me not being able to move at all. I was not doing well mentally but that was bc of these problems and also because my best friend died.

When I was 16 I was suddenly ""cured"" no problems sleeping, no paralysis. Still I was very tired at daytime and took alot of naps but could have been puberty and training for sports alot. One year later I suddenly could not fall aslep anymore one night and then the next day also and than I had a sleep paralysis. I want to say it wasnt as bad as before but it gets worse later on. Spend till I was eighteen with mild sympthoms and again did not tell anyone bc I thought it would go away again. Then first time living alone it gets worse my body demands to sleep at day time and cant sleep at night. I can not manage university. One time I woke up after a lecture that had 400 students, with only the professor and her helpers still there. I was mentally and physically exausted. I dropped my sports bc I could not do it anymore. And then at 19 I had a hallucination (they are so real to me that I and the medical professionals classify them as hallucinations not paralysis).

In my hallucination there was a robber trying to break in and I went to my bed and pretendet to be asleep so that he would just take my stuff and not harm me. He broke open the door and I heard his footsteps coming to my bed. He stopped in front of me and hit me with a belt. I felt the pain and pretendet to wake up. I tried to face him and was suddenly choked. My hands went up to his and then it was over. Everytime I have these hallucinations I know afterwards that it is not real. Still had a panicattack, locked myself in the bathroom and called my dad. I told him everything. First he thought someone had really broken in but I convinced him that it only happens in my head. Then he adviced me to get medical help.

And so my adventure begins. We think it must be a mental problem. After some convincing I get atmittet to a mental hospital. I was thinking its scizophrenia but the doctors confirm its not. One reason is that I can differianciat between real live/hallucinations and also I dont have paranoia. I stay physicaly exausted and I have problems getting up at daytime. After two weeks i get a borderline diagnosis and they think maybe hallucinations that come with it. Me having borderline has been debunked by every psycatriaist I have been to after with testing, but its still in my medical record to this day. Than after more time they think narcolepsy. After I get out of there it still took one year to find a sleep labatory that can diagnos narcolepsy. In the meantime it gets worse. I have auditory hallucinations. Hear whispers in my ear. See people coming around corners that are not real. Most hallucinations happen at night when Im alone but it starts to become a daytime issue now. At the clinic I stay 3 days. Its on the other side of the contry. 8 hour train ride and 400€ to get there. I even have a sleep paralysis where sombody slaps me in the face, while they monitor me at night (with cameras). I get a call and its indecisiv. Maybe narcolepsy maybe a jetlag sleep disorser. They also did not catch my sleep paralysis. I can not go there everytime for more diagnosis, so thats that. He tells me to go to a neurospecialist. Than it gets worse. I tried uni again but Im mentally and physicaly declining. My theraphist moves away and I lay in bed all day. Spend hour concious but paralysed and can barley take a shower. Im to ashamed to tell anyone. I have cramps (had them since I was little,doc said its growing pain, but the pain stayed till now) I feel weak and I have scary hallucinations. I can sleep over 10 hours without feeling energized. I get really thin bc I cant go get food most days and then one day while I manage to shower I just snap. I dont want to go on with my live. Thanks god I was a coward and didnt go trough with it. But instead I convinced myself to run away. Cut of contact to stop burdening everyone. I move to a new city and Im homeless for a few weeks before I get a job. I lived in a trance. Everything felt unreal. I still struggle with sleep and keeping a job bc more often than not I have to call in sick to sleep. Trough luck I met my now boyfriend at work, who helped me become more stable again and helped me reconcilliate with family and friends. I never want to be this recless again so I book a appointment at a neurological clinic(also I get therapy:) yay). Waitlist one year but its okay at that time I manage. Then it gets worse again no sleep at night while I work full time. I see figures at work and at the end I call in sick and get fired. So Im on sick leave again and even while doing less its still bad. I have painfull feelings in many places. Jaw pain (i had since childhood), leg and arm pain (the growing pains /feels like being streched) and new addition ribcage pain (while breathing and also when laying on my stomache or lifting something. Periods get tuff and intensify my need for long sleep 10-15 hours. Then at the clinic they say they are going to diagnose me for sure. I do every test under the sun. They find .... nothing.

I even had the hollow needel in the back where they test the fluid(dont know what its called, kind of painfull). But no result. The doctor tells me it might be something that isnt even a known illnes yet. I cry alot. 

They refere me to a neuropsychiartist and thats where Im at right now(with every specialist being booked out). Im desperaet bc I need some benefits that diagnosis brings. I have recently had a hallucination where I was raped. I have no trauma and exprience with rape and it is just so shamefull weird and concerning that this is happening. Every hallucination keeps me exausted for days or weeks and Im 24 not 70 (thats how I feel often) 

In october im going back to college. Because I cant work full time in a physical job for long and bc I want a degree. I have given up on being healty, I just wanna know whats wrong.

Guesses by doctors have been: narcolepsy, jet lag disease, cronic fatigue, borderline

But nothing confirmed. No one is able to diagnose bc its not there field or bc they have no vaccant spots.

Tipps, help, advice, ideas?  

Also Im open to questions",2,1786225397.0,"Sleep paralysis and my undiagnosed sleep disorder (maybe?) Hello, I'm 24 years old and female and not a native english speaker (please dont make fun of my english). Doctors think I might have a cronic illness or smthing like that but I'm desperate for any advise or insight bc the specialists that are supposed to help me just dont take paitients right now and are fully booked till one year from now. And Im also afraid they wont even help me bc I have been refered to many specialist that couldnt give me a diagnosis (and they also had long ass wait lists) So I thougth I could give reddit a try. About my sympthoms and medical history: When I was 10 I had my first sleep paralysis and from then on had them frecently. I would say once a month at least but that means sometimes a lot in a week and sometimes I went two or three times without. When I was a little older, I think 12-13 years old, I developed episodes of insomnia. Could not sleep for two nights in a row then sleept a little bit (like 2-3 hours) at night for a few days before having normal nights again and then boom repeat. At school I was falling asleep alot and I used certain periods to just sleep. Sleep paralysis continued. I did not tell anyone about any of my symptoms till adulthood. I was doing sports every day in my normal school week, so I was physically capable. Sleep paralysis got creepy with figures looking at me for long times and me not being able to move at all. I was not doing well mentally but that was bc of these problems and also because my best friend died. When I was 16 I was suddenly ""cured"" no problems sleeping, no paralysis. Still I was very tired at daytime and took alot of naps but could have been puberty and training for sports alot. One year later I suddenly could not fall aslep anymore one night and then the next day also and than I had a sleep paralysis. I want to say it wasnt as bad as before but it gets worse later on. Spend till I was eighteen with mild sympthoms and again did not tell anyone bc I thought it would go away again. Then first time living alone it gets worse my body demands to sleep at day time and cant sleep at night. I can not manage university. One time I woke up after a lecture that had 400 students, with only the professor and her helpers still there. I was mentally and physically exausted. I dropped my sports bc I could not do it anymore. And then at 19 I had a hallucination (they are so real to me that I and the medical professionals classify them as hallucinations not paralysis). In my hallucination there was a robber trying to break in and I went to my bed and pretendet to be asleep so that he would just take my stuff and not harm me. He broke open the door and I heard his footsteps coming to my bed. He stopped in front of me and hit me with a belt. I felt the pain and pretendet to wake up. I tried to face him and was suddenly choked. My hands went up to his and then it was over. Everytime I have these hallucinations I know afterwards that it is not real. Still had a panicattack, locked myself in the bathroom and called my dad. I told him everything. First he thought someone had really broken in but I convinced him that it only happens in my head. Then he adviced me to get medical help. And so my adventure begins. We think it must be a mental problem. After some convincing I get atmittet to a mental hospital. I was thinking its scizophrenia but the doctors confirm its not. One reason is that I can differianciat between real live/hallucinations and also I dont have paranoia. I stay physicaly exausted and I have problems getting up at daytime. After two weeks i get a borderline diagnosis and they think maybe hallucinations that come with it. Me having borderline has been debunked by every psycatriaist I have been to after with testing, but its still in my medical record to this day. Than after more time they think narcolepsy. After I get out of there it still took one year to find a sleep labatory that can diagnos narcolepsy. In the meantime it gets worse. I have auditory hallucinations. Hear whispers in my ear. See people coming around corners that are not real. Most hallucinations happen at night when Im alone but it starts to become a daytime issue now. At the clinic I stay 3 days. Its on the other side of the contry. 8 hour train ride and 400€ to get there. I even have a sleep paralysis where sombody slaps me in the face, while they monitor me at night (with cameras). I get a call and its indecisiv. Maybe narcolepsy maybe a jetlag sleep disorser. They also did not catch my sleep paralysis. I can not go there everytime for more diagnosis, so thats that. He tells me to go to a neurospecialist. Than it gets worse. I tried uni again but Im mentally and physicaly declining. My theraphist moves away and I lay in bed all day. Spend hour concious but paralysed and can barley take a shower. Im to ashamed to tell anyone. I have cramps (had them since I was little,doc said its growing pain, but the pain stayed till now) I feel weak and I have scary hallucinations. I can sleep over 10 hours without feeling energized. I get really thin bc I cant go get food most days and then one day while I manage to shower I just snap. I dont want to go on with my live. Thanks god I was a coward and didnt go trough with it. But instead I convinced myself to run away. Cut of contact to stop burdening everyone. I move to a new city and Im homeless for a few weeks before I get a job. I lived in a trance. Everything felt unreal. I still struggle with sleep and keeping a job bc more often than not I have to call in sick to sleep. Trough luck I met my now boyfriend at work, who helped me become more stable again and helped me reconcilliate with family and friends. I never want to be this recless again so I book a appointment at a neurological clinic(also I get therapy:) yay). Waitlist one year but its okay at that time I manage. Then it gets worse again no sleep at night while I work full time. I see figures at work and at the end I call in sick and get fired. So Im on sick leave again and even while doing less its still bad. I have painfull feelings in many places. Jaw pain (i had since childhood), leg and arm pain (the growing pains /feels like being streched) and new addition ribcage pain (while breathing and also when laying on my stomache or lifting something. Periods get tuff and intensify my need for long sleep 10-15 hours. Then at the clinic they say they are going to diagnose me for sure. I do every test under the sun. They find .... nothing. I even had the hollow needel in the back where they test the fluid(dont know what its called, kind of painfull). But no result. The doctor tells me it might be something that isnt even a known illnes yet. I cry alot. They refere me to a neuropsychiartist and thats where Im at right now(with every specialist being booked out). Im desperaet bc I need some benefits that diagnosis brings. I have recently had a hallucination where I was raped. I have no trauma and exprience with rape and it is just so shamefull weird and concerning that this is happening. Every hallucination keeps me exausted for days or weeks and Im 24 not 70 (thats how I feel often) In october im going back to college. Because I cant work full time in a physical job for long and bc I want a degree. I have given up on being healty, I just wanna know whats wrong. Guesses by doctors have been: narcolepsy, jet lag disease, cronic fatigue, borderline But nothing confirmed. No one is able to diagnose bc its not there field or bc they have no vaccant spots. Tipps, help, advice, ideas? Also Im open to questions",INTRUDER,"The narrative focuses on a sensed hostile presence (robber, figures) and associated fear, with intruder elements dominating over chest pressure.",
1vj4e2o,Sleepparalysis,72,"Some sort of witchcraft or just bad sleep
I just woke up shaking and its like im hearing someone's voice and its like they are saying something that I didn't understand idk if its sleep paralysis but its different, what can I say is I was just shaking and i was trying to move myself to get up like in a sleep paralysis 

Has anybody experienced this and know what it is?",1,1786216294.0,"Some sort of witchcraft or just bad sleep I just woke up shaking and its like im hearing someone's voice and its like they are saying something that I didn't understand idk if its sleep paralysis but its different, what can I say is I was just shaking and i was trying to move myself to get up like in a sleep paralysis Has anybody experienced this and know what it is?",OTHER,"The narrative mentions hearing a voice and shaking but lacks clear focus on a sensed intruder, chest pressure, or vestibular sensations.",Auditory/Vibrational
1vj3xvl,Sleepparalysis,108,"Sleep Paralysis - why me?!
I am 48 now &amp; suffer from sleep paralysis since I am 13 years old. I had some hardcore episodes (especially I my younger age), but in total rather an annoying experience ( like a mosquito). I once went to a healer &amp; she told me it’s a teacher who wants to teach me something. 35 years later…. No clue what the lesson is. I tried it all. Now I kk d of learned to live with it. A nuisance of the night, but I am wondering: am I missing out on an important lesson or am I just a beacon for shadows?",2,1786215203.0,"Sleep Paralysis - why me?! I am 48 now &amp; suffer from sleep paralysis since I am 13 years old. I had some hardcore episodes (especially I my younger age), but in total rather an annoying experience ( like a mosquito). I once went to a healer &amp; she told me it’s a teacher who wants to teach me something. 35 years later…. No clue what the lesson is. I tried it all. Now I kk d of learned to live with it. A nuisance of the night, but I am wondering: am I missing out on an important lesson or am I just a beacon for shadows?",OTHER,"The narrative provides no specific intruder, chest pressure, or movement details, focusing instead on general reflection about the episodes.",Vague/Unclear
1vj1p29,Sleepparalysis,263,"Is this even sleep paralysis?
This has happened to me multiple times for YEARS, but I find it hard to determine if it’s sleep paralysis or not. Basically:

I fall asleep and “dream” (???) that I’m awake. In my “dream” I can sort of see, but not really. It’s like my eyes are glued shut but I’m literally peeling them apart to see, so I can only “see” my environment through the slits in my eyes. My environment is always where I ACTUALLY am (so my bedroom, or the couch on the living room). I’m always in a panic because I know something isn’t right. For example, this morning, I was “dreaming” that I woke up but couldn’t move from my bed and couldn’t “peel open” my eyes. It’s so real that I can feel the textures of my bedroom (ex: I “dreamt” that I rolled myself from the bed and in an attempt to “wake myself up” I was feeling the rug beside my bed, jumping up and down, trying to open my curtains/blinds, “peeling” my eyes open). Eventually I start screaming always in these dreams for help. Usually to my partner, but this morning it was for my mom. Eventually something clicks where I gain actual control and I’m able to fully wake up. When I wake up my eyes actually hurt, and my throat hurt this morning like I was screaming. Is this sleep paralysis? What is this? It doesn’t feel like “just dreaming” or “a nightmare”. It feels like I’m fully completely awake but stuck in my own body.",2,1786209802.0,"Is this even sleep paralysis? This has happened to me multiple times for YEARS, but I find it hard to determine if it’s sleep paralysis or not. Basically: I fall asleep and “dream” (???) that I’m awake. In my “dream” I can sort of see, but not really. It’s like my eyes are glued shut but I’m literally peeling them apart to see, so I can only “see” my environment through the slits in my eyes. My environment is always where I ACTUALLY am (so my bedroom, or the couch on the living room). I’m always in a panic because I know something isn’t right. For example, this morning, I was “dreaming” that I woke up but couldn’t move from my bed and couldn’t “peel open” my eyes. It’s so real that I can feel the textures of my bedroom (ex: I “dreamt” that I rolled myself from the bed and in an attempt to “wake myself up” I was feeling the rug beside my bed, jumping up and down, trying to open my curtains/blinds, “peeling” my eyes open). Eventually I start screaming always in these dreams for help. Usually to my partner, but this morning it was for my mom. Eventually something clicks where I gain actual control and I’m able to fully wake up. When I wake up my eyes actually hurt, and my throat hurt this morning like I was screaming. Is this sleep paralysis? What is this? It doesn’t feel like “just dreaming” or “a nightmare”. It feels like I’m fully completely awake but stuck in my own body.",OTHER,"The narrative describes paralysis and sensory distortion without a sensed intruder, chest pressure, or vestibular movement, so it does not fit the other categories.",Vague/Unclear
1vj1do5,Sleepparalysis,145,"Im going insane
Well I may or may not have added that for dramatic effect. But man oh man I cannot fucking sleep because whenever I try to sleep boom Im in a sleep paralysis again.   
Time is so slow bro, ive tried sleeping at 12 am and i got like 5 or 6 sleep paralysis and I checked the time its 12:48?? Like how?? I felt like I actually in good sleep, I was expecting it woulda been 4 am rn.

My current sleep paralysis is not scary YET, I have currrently no hallucinations(visual), and I hear some footsteps, knocking and my chair getting dragged. I've tried opening my eyes and I see nothing (thankfully).

I tried different positions to sleep but now I think imma just give up sleeping man i severely need help (i think i also exaggerated that for dramatic effect)",1,1786209033.0,"Im going insane Well I may or may not have added that for dramatic effect. But man oh man I cannot fucking sleep because whenever I try to sleep boom Im in a sleep paralysis again. Time is so slow bro, ive tried sleeping at 12 am and i got like 5 or 6 sleep paralysis and I checked the time its 12:48?? Like how?? I felt like I actually in good sleep, I was expecting it woulda been 4 am rn. My current sleep paralysis is not scary YET, I have currrently no hallucinations(visual), and I hear some footsteps, knocking and my chair getting dragged. I've tried opening my eyes and I see nothing (thankfully). I tried different positions to sleep but now I think imma just give up sleeping man i severely need help (i think i also exaggerated that for dramatic effect)",INTRUDER,"The narrative focuses on hearing footsteps, knocking, and a dragging chair, indicating a sensed presence rather than chest pressure or movement sensations.",
1vj0mg2,Sleepparalysis,358,"I Still Don't Know If This Was Sleep Paralysis or Something Else
This happened about a year ago during winter, and I still don't know what to make of it.

I was lying in bed under a blanket, and I wasn't completely asleep yet. I was in that weird state where you're half-awake and half-drifting off.

Suddenly, I felt like someone was walking around on the other side of my bed.

I could hear slow breathing and some strange noises, along with what sounded like anklets jingling as the person walked closer.

I couldn't see anything because my face was turned toward the other side. I also couldn't move my body at all.

Whatever it was seemed to be getting closer, and I became more and more scared that it would reach me.

My body started shaking, so I started praying in my head.

After what felt like a while, my eyes suddenly opened.

I was in exactly the same position as before.

The room looked completely normal. Nothing had moved, and there was nobody there.

I was extremely confused. I couldn't tell whether I'd actually experienced something or had just been dreaming.

The weird part is that something similar happened the following night.

I was falling asleep again when I suddenly felt my blanket move, as if someone had grabbed or pulled it from outside.

Then I heard a man's voice.

It was quiet but clear enough for me to understand. The voice said my name and then something like:

Jake, I'll eat you alive.""

I was terrified.

Then, just like the night before, I suddenly opened my eyes.

I was back in the exact same position, under the blanket.

There was nobody there.

I've never been able to figure out what happened.

Part of me thinks it was some form of sleep paralysis or a vivid dream, especially because I couldn't move and everything seemed to happen while I was falling asleep.

But the fact that I experienced something similar two nights in a row still bothers me.

Has anyone else experienced something like this? Was this likely sleep paralysis, a false awakening, or something else?",2,1786207208.0,"I Still Don't Know If This Was Sleep Paralysis or Something Else This happened about a year ago during winter, and I still don't know what to make of it. I was lying in bed under a blanket, and I wasn't completely asleep yet. I was in that weird state where you're half-awake and half-drifting off. Suddenly, I felt like someone was walking around on the other side of my bed. I could hear slow breathing and some strange noises, along with what sounded like anklets jingling as the person walked closer. I couldn't see anything because my face was turned toward the other side. I also couldn't move my body at all. Whatever it was seemed to be getting closer, and I became more and more scared that it would reach me. My body started shaking, so I started praying in my head. After what felt like a while, my eyes suddenly opened. I was in exactly the same position as before. The room looked completely normal. Nothing had moved, and there was nobody there. I was extremely confused. I couldn't tell whether I'd actually experienced something or had just been dreaming. The weird part is that something similar happened the following night. I was falling asleep again when I suddenly felt my blanket move, as if someone had grabbed or pulled it from outside. Then I heard a man's voice. It was quiet but clear enough for me to understand. The voice said my name and then something like: Jake, I'll eat you alive."" I was terrified. Then, just like the night before, I suddenly opened my eyes. I was back in the exact same position, under the blanket. There was nobody there. I've never been able to figure out what happened. Part of me thinks it was some form of sleep paralysis or a vivid dream, especially because I couldn't move and everything seemed to happen while I was falling asleep. But the fact that I experienced something similar two nights in a row still bothers me. Has anyone else experienced something like this? Was this likely sleep paralysis, a false awakening, or something else?",INTRUDER,"The story centers on sensing a presence walking beside the bed, hearing breathing and noises, and fear of an entity, without chest pressure or vestibular sensations.",
1vif71u,Sleepparalysis,111,"Got my first sp today and now I can't sleep
So yeah, today was my first sleep paralysis with false awakening and even though nothing really scary happened, because I managed to escape it before it got bad, now every time I try to sleep I feel like I'm not going into normal sleep mode, but directly to this weird hallucinatory state. Just woke up from a failed attempt to fall asleep because I heard a lip smack that couldn't be there because I'm alone. And the feeling in the body was the same as I remember it. How do I normally go to sleep again? I'm scared of this shit.",2,1786142690.0,"Got my first sp today and now I can't sleep So yeah, today was my first sleep paralysis with false awakening and even though nothing really scary happened, because I managed to escape it before it got bad, now every time I try to sleep I feel like I'm not going into normal sleep mode, but directly to this weird hallucinatory state. Just woke up from a failed attempt to fall asleep because I heard a lip smack that couldn't be there because I'm alone. And the feeling in the body was the same as I remember it. How do I normally go to sleep again? I'm scared of this shit.",INTRUDER,"The narrative emphasizes hearing a lip smack and fearing another presence, without chest pressure or movement sensations.",
1vi7w4w,Sleepparalysis,245,"10 years of sleep paralysis and I've noticed it always follows the same script
&amp;#x200B;

Started when I was 10. I'm 20 now. A decade of the same handful of variations, and at this point I could probably write a field guide.

It almost always happens in the same window, somewhere between falling back asleep after waking briefly and actually surfacing for the day. Never mid-nap, rarely early night. My body figured out its own schedule for this without asking me.

The paralysis itself hasn't changed, that cold total-lockdown feeling where even blinking feels like an effort. What's shifted over the years is my reaction to it. At 10 I was terrified, convinced something was in the room. By 15 I'd start silently telling myself ""this is just sleep paralysis"" mid-episode, which sometimes helped, sometimes didn't. Now at 20 I've got a weird detachment to it, like watching a rerun of a show I've seen too many times.

The one thing that hasn't dulled at all is the presence. Something in the room, usually near the foot of the bed or just behind my head where I can't turn to check. A decade in and that part still gets me every single time, no matter how calm the rest of me stays.

I've read all the explanations, REM atonia lingering into wakefulness, amygdala activity spiking and generating the sense of threat  Understanding the mechanism has never once made the experience feel smaller in the moment.",1,1786125644.0,"10 years of sleep paralysis and I've noticed it always follows the same script &amp;#x200B; Started when I was 10. I'm 20 now. A decade of the same handful of variations, and at this point I could probably write a field guide. It almost always happens in the same window, somewhere between falling back asleep after waking briefly and actually surfacing for the day. Never mid-nap, rarely early night. My body figured out its own schedule for this without asking me. The paralysis itself hasn't changed, that cold total-lockdown feeling where even blinking feels like an effort. What's shifted over the years is my reaction to it. At 10 I was terrified, convinced something was in the room. By 15 I'd start silently telling myself ""this is just sleep paralysis"" mid-episode, which sometimes helped, sometimes didn't. Now at 20 I've got a weird detachment to it, like watching a rerun of a show I've seen too many times. The one thing that hasn't dulled at all is the presence. Something in the room, usually near the foot of the bed or just behind my head where I can't turn to check. A decade in and that part still gets me every single time, no matter how calm the rest of me stays. I've read all the explanations, REM atonia lingering into wakefulness, amygdala activity spiking and generating the sense of threat Understanding the mechanism has never once made the experience feel smaller in the moment.",INTRUDER,"The narrative centers on a sensed presence in the room during paralysis, with no chest pressure or vestibular sensations.",
1vhv6ze,Sleepparalysis,195,"I always get sleep paralysis, it's fucking bothering me
I usually wakeup multiple times in the morning, which is how I've always been, i just change my position and go back to sleep, except now i always get sleep paralysis EVERY SINGLE TIME.

It has become so common, yesterday i woke up like 6 times and everytime i got sleep paralysis, it got to a point that i was experimenting to see what i can do while in paralysis. 

I found out that i have about %5 muscle power in my fingers, i can fully control my breath and move my tongue, but not enough control to actually engage my vocal cords and make a sound, i can only breathe heavily. Trying to move around doesn't help much with the recovery time, which I've figured of about 10 to 15 seconds to recover

What the fuck is going on? I've tried sleeping on both sides, on my back, on stomach, it doesn't fucking matter, please someone tell me what's going on😭🙏i want this shit to stop, it's not fun to wakeup and not being able to FUCKING MOVEEE

I'm 24m if that's of any use",1,1786092671.0,"I always get sleep paralysis, it's fucking bothering me I usually wakeup multiple times in the morning, which is how I've always been, i just change my position and go back to sleep, except now i always get sleep paralysis EVERY SINGLE TIME. It has become so common, yesterday i woke up like 6 times and everytime i got sleep paralysis, it got to a point that i was experimenting to see what i can do while in paralysis. I found out that i have about %5 muscle power in my fingers, i can fully control my breath and move my tongue, but not enough control to actually engage my vocal cords and make a sound, i can only breathe heavily. Trying to move around doesn't help much with the recovery time, which I've figured of about 10 to 15 seconds to recover What the fuck is going on? I've tried sleeping on both sides, on my back, on stomach, it doesn't fucking matter, please someone tell me what's going on😭🙏i want this shit to stop, it's not fun to wakeup and not being able to FUCKING MOVEEE I'm 24m if that's of any use",OTHER,"The narrative focuses on repeated paralysis and limited motor control without mention of a presence, chest pressure, or movement sensations.",Vague/Unclear
1vht6mt,Sleepparalysis,155,"Funny sleep paralysis
hey guys so once or more a year i go though a sleep paralysis situation

yesterday i had one after a long time

il in a new house been here for 8 months and i havnt experienced anything out of the normal like how i used to the house is pretty peaceful compared to where i grew up

so last night around 4 am i was in a trans like how i used to be in my old house i was dead asleep looking at my self in a lucid dream and a dark shadow was in my room i jumped back in to my self trying to wake my self up i  tried everything until the only thing i could say was fuck you fuck you fuck you and put the middle finger up towards my closet it’s a day later and I’m remembering Nd i just thought it was funny",1,1786085424.0,Funny sleep paralysis hey guys so once or more a year i go though a sleep paralysis situation yesterday i had one after a long time il in a new house been here for 8 months and i havnt experienced anything out of the normal like how i used to the house is pretty peaceful compared to where i grew up so last night around 4 am i was in a trans like how i used to be in my old house i was dead asleep looking at my self in a lucid dream and a dark shadow was in my room i jumped back in to my self trying to wake my self up i tried everything until the only thing i could say was fuck you fuck you fuck you and put the middle finger up towards my closet it’s a day later and I’m remembering Nd i just thought it was funny,INTRUDER,"The story focuses on seeing a dark shadow/presence in the room and feeling threatened, with no mention of chest pressure or movement sensations.",
1vht0q2,Sleepparalysis,144,"Sleep disorder or Ghost?
Hi! I (15f) hate sleeping especially because of what happens when I do. The crazy this is maybe I'm not sleeping? Essentially I had made a previous post about a shadow figure that I ha e seen since I was younger. I was talking to a friend about it and she suggested I may have some sort of sleep disorder. 

What happens most of the time is I will feel awake, but I will hear all of these voices, I will see stuff, I will feel like I'm being grabbed, like sleep paralysis, but I can move. I ha e texted full conversations with my friends during these episodes. I can't really move the bottom half of my body and my movements are often pretty limited on my top half. 

I know it seems weird, but anyone have any idea?",1,1786084848.0,"Sleep disorder or Ghost? Hi! I (15f) hate sleeping especially because of what happens when I do. The crazy this is maybe I'm not sleeping? Essentially I had made a previous post about a shadow figure that I ha e seen since I was younger. I was talking to a friend about it and she suggested I may have some sort of sleep disorder. What happens most of the time is I will feel awake, but I will hear all of these voices, I will see stuff, I will feel like I'm being grabbed, like sleep paralysis, but I can move. I ha e texted full conversations with my friends during these episodes. I can't really move the bottom half of my body and my movements are often pretty limited on my top half. I know it seems weird, but anyone have any idea?",INCUBUS,"The narrative emphasizes a feeling of being grabbed and limited movement, typical of chest pressure/incubus sensations, despite occasional visual intruder mentions.",
1vhrwyf,Sleepparalysis,250,"pins and needles when falling asleep/waking up
i know this sounds odd but for the last year i’ve been having this sort of staticky feeling when falling asleep or waking up. it feels like when your leg falls alseep but like 10x more intense. what sucks is that its always around my neck, like, literally nowhere else, so it makes me feel like i can’t get up. if i try hard enough i can get up which tells me it might not be paralysis, and the static will dissipate, but if not i go into this weird drifting sensation where my dream will almost merge into reality. i’ll kind of be stuck like that until i go back to sleep, but it almost hurts so i usually try to get up just to get rid of the sensation. i’ve had some nightmares where this happens and it usually scares me enough to snap out of it, but other times i don’t care enough to move (or else i will feel the static) and ill go back to sleep.

i know for sure i’m awake during these episodes. it mainly happens when i fall asleep tired, or if i haven’t slept very long and try to get up. does anyone else deal with this? if so please let me know, i feel really alone with this problem because i can’t exactly go to the doctor and complain, but i feel like i can’t just not tell someone about it, you know?",1,1786081128.0,"pins and needles when falling asleep/waking up i know this sounds odd but for the last year i’ve been having this sort of staticky feeling when falling asleep or waking up. it feels like when your leg falls alseep but like 10x more intense. what sucks is that its always around my neck, like, literally nowhere else, so it makes me feel like i can’t get up. if i try hard enough i can get up which tells me it might not be paralysis, and the static will dissipate, but if not i go into this weird drifting sensation where my dream will almost merge into reality. i’ll kind of be stuck like that until i go back to sleep, but it almost hurts so i usually try to get up just to get rid of the sensation. i’ve had some nightmares where this happens and it usually scares me enough to snap out of it, but other times i don’t care enough to move (or else i will feel the static) and ill go back to sleep. i know for sure i’m awake during these episodes. it mainly happens when i fall asleep tired, or if i haven’t slept very long and try to get up. does anyone else deal with this? if so please let me know, i feel really alone with this problem because i can’t exactly go to the doctor and complain, but i feel like i can’t just not tell someone about it, you know?",OTHER,"The narrative describes a static, pins‑and‑needles sensation around the neck without any sensed presence, chest pressure, or movement sensations, so it does not fit intruder, incubus, or vestibular motor categories.",Somatic/Physical
1vhqdw0,Sleepparalysis,65,"Half asleep but can move my feet
I know sleep paralysis I can't move but I can I can move my right feet even my hand slowly very slowly but I can move my feet more is any one the same and I can wake myself up by moving alot. This happened to me 2 to 3 times a week that I am half asleep",1,1786076232.0,Half asleep but can move my feet I know sleep paralysis I can't move but I can I can move my right feet even my hand slowly very slowly but I can move my feet more is any one the same and I can wake myself up by moving alot. This happened to me 2 to 3 times a week that I am half asleep,OTHER,"The narrative only describes partial movement during sleep paralysis without any intruder, chest pressure, or vestibular sensations.",Somatic/Physical
1vhjli0,Sleepparalysis,58,"Wierd sleep thing
So i just went to sleep and while falling asleep i started to dream being with my friend, a second later my heartbeat sped up to so fast and i started to fall alone into pitch black and woke up sitting, not laying down. Im trying to figure out what just happened.. anyone have answers?",1,1786057332.0,"Wierd sleep thing So i just went to sleep and while falling asleep i started to dream being with my friend, a second later my heartbeat sped up to so fast and i started to fall alone into pitch black and woke up sitting, not laying down. Im trying to figure out what just happened.. anyone have answers?",VESTIBULAR_MOTOR,"The narrative focuses on a falling sensation into darkness without mention of a presence or chest pressure, highlighting a movement/vestibular experience.",
1vhgqq6,Sleepparalysis,227,"Weirdest sleep paralysis i’ve ever encountered
I’ve been getting sleep paralysis for about 7 years, two nights ago I got the weirdest one yet, i’m still in shock 

I don’t even know if it can be counted as sleep paralysis 

I saw the faces of people in my life, they were just their faces/heads.  
They were all laughing at me very creepily   
My friends, family, co workers, even people from highschool and college whom I don’t talk to nor think about ever   
But the one face that had the spotlight, I guess, was my dead father 

I’m trying to explain it as good as I can but it was so weird it’s hard to explain 

It wasn’t a dream. I was awake i’m sure, and just like normal sleep paralysis, I couldn’t move or speak, my body felt just like it does in sleep paralysis, but what I saw was very different and much weirder 

I do think about my father alot obviously, he died   
 7 years ago and that’s when I started getting sleep paralysis alot, so maybe that has something to do with why he was the “main character” 

Idk man it was very creepy I didn’t feel real for the whole day after that   
I still don’t know if it was even sleep paralysis, could it just be a nightmare?   
Has anyone experienced this?",1,1786050361.0,"Weirdest sleep paralysis i’ve ever encountered I’ve been getting sleep paralysis for about 7 years, two nights ago I got the weirdest one yet, i’m still in shock I don’t even know if it can be counted as sleep paralysis I saw the faces of people in my life, they were just their faces/heads. They were all laughing at me very creepily My friends, family, co workers, even people from highschool and college whom I don’t talk to nor think about ever But the one face that had the spotlight, I guess, was my dead father I’m trying to explain it as good as I can but it was so weird it’s hard to explain It wasn’t a dream. I was awake i’m sure, and just like normal sleep paralysis, I couldn’t move or speak, my body felt just like it does in sleep paralysis, but what I saw was very different and much weirder I do think about my father alot obviously, he died 7 years ago and that’s when I started getting sleep paralysis alot, so maybe that has something to do with why he was the “main character” Idk man it was very creepy I didn’t feel real for the whole day after that I still don’t know if it was even sleep paralysis, could it just be a nightmare? Has anyone experienced this?",INTRUDER,"The narrative centers on seeing multiple faces/figures, especially a dead father, as a sensed presence while unable to move, with no chest pressure or movement sensations.",
1vgyhqr,Sleepparalysis,149,"Headless little girl sleep paralysis.
This happened to me when I was in 8th grade and I used to sleep in a bunk bed near a window but I was on top. I went to sleep this one day and I woke up and there was this little girl with dark black hair and pure black eyes and a huge mouth out my window watching me then when she screams my entire body became paralyzed then she like appeared in my room standing there I think she was wearing a white gown but she became headless for some reason just standing there in my room doing nothing. And it scared me so bad I closed my eyes and opened it and she disappeared. I don't get sleep paralysis often I've probably experienced it 5 times because I sleep on my back but that was by far the most terrifying.",2,1786005408.0,Headless little girl sleep paralysis. This happened to me when I was in 8th grade and I used to sleep in a bunk bed near a window but I was on top. I went to sleep this one day and I woke up and there was this little girl with dark black hair and pure black eyes and a huge mouth out my window watching me then when she screams my entire body became paralyzed then she like appeared in my room standing there I think she was wearing a white gown but she became headless for some reason just standing there in my room doing nothing. And it scared me so bad I closed my eyes and opened it and she disappeared. I don't get sleep paralysis often I've probably experienced it 5 times because I sleep on my back but that was by far the most terrifying.,INTRUDER,"The narrative focuses on a visual presence of a headless girl and the fear of an entity in the room, with no chest pressure or movement sensations.",
1vgxw0m,Sleepparalysis,583,"Weird Sleep Paralysis Experience
Last week I had my first ever sleep paralysis experience. It’s a weird one. 

I’m a newly single 56 year old professional man. I live alone, I moved into a rented house about 6 weeks ago. 

Here’s my experience. 

I was in bed and I could hear 3-5 “people” moving around quietly in my bedroom, shuffling around.  They became aware that I was waking up.  

I heard them whispering to each other. They were saying “he’s waking up, don’t let him see us, he’s not allowed to see us” or words to that effect.  

One of them approached me and came to my bedside and quietly and gently whispered to me to go back to sleep. I had the impression that it was a nurse, or a carer. Someone gentle.  

The others were still whispering about me and were growing more concerned and cross that I was waking up. 

Then the one close to me started pushing down gently onto my shoulders.  Telling me more firmly now to go back to sleep. 

The more I woke the harder it pushed and the firmer its voice got.   I could tell it was start to get a little irritated with me, the gentleness was going.  

I started waking more and was pushing up against it. It started pushing a little harder, and I also felt a weight on my chest as if it was also now leaning into my body. It was now getting somewhat angry and ordering me to go back to sleep. It was saying “go to sleep, you can’t see us. You are not allowed to look at us. You must not look at us.”  

I could now tell that they were not people, I didn’t know what they were. 

The others were getting increasingly angry, repeating “don’t let him see us, he can’t see us”. They seemed almost desperate, there was urgency in their voices. 

 The one holding me down was being aggressive and was hissing at me “Go to sleep, you must not see us, you cannot see us!” Again i sensed urgency and extreme anger. 

It was commanding me to sleep. Pushing me hard, it’s weight heavy on my chest and shoulders. 

They all seemed surprised that I would be waking up, shocked almost and they didn’t know what to do about it. They were also desperate that I should not look at them. 

I was now struggling hard against it. I couldn’t open my eyes or speak, I was trying to shout.  I was pushing with my body against its hands on my shoulders.  I couldn’t move my body at all. 

Eventually I managed to shout “Who are you? What are you?” And at the same time I managed to push hard against it and jumped out of my bed and landed hard on my knees on the hardwood floor next to my bed. 

As I did so the pain from the impact jolted me, at the same time I sensed something like a body falling to the floor with me, right next to me just inches from me but I felt it shrink small to about a foot tall and kind of zoom off away from me extremely fast along the floor into the darkness, leaving me kneeling on the floor in pain next to my bed.  It was 03:30hrs.  

It’s the only time this has happened to me.  Such a weird, scary and crazy experience.  

Has anyone else experienced something like this?",3,1786003270.0,"Weird Sleep Paralysis Experience Last week I had my first ever sleep paralysis experience. It’s a weird one. I’m a newly single 56 year old professional man. I live alone, I moved into a rented house about 6 weeks ago. Here’s my experience. I was in bed and I could hear 3-5 “people” moving around quietly in my bedroom, shuffling around. They became aware that I was waking up. I heard them whispering to each other. They were saying “he’s waking up, don’t let him see us, he’s not allowed to see us” or words to that effect. One of them approached me and came to my bedside and quietly and gently whispered to me to go back to sleep. I had the impression that it was a nurse, or a carer. Someone gentle. The others were still whispering about me and were growing more concerned and cross that I was waking up. Then the one close to me started pushing down gently onto my shoulders. Telling me more firmly now to go back to sleep. The more I woke the harder it pushed and the firmer its voice got. I could tell it was start to get a little irritated with me, the gentleness was going. I started waking more and was pushing up against it. It started pushing a little harder, and I also felt a weight on my chest as if it was also now leaning into my body. It was now getting somewhat angry and ordering me to go back to sleep. It was saying “go to sleep, you can’t see us. You are not allowed to look at us. You must not look at us.” I could now tell that they were not people, I didn’t know what they were. The others were getting increasingly angry, repeating “don’t let him see us, he can’t see us”. They seemed almost desperate, there was urgency in their voices. The one holding me down was being aggressive and was hissing at me “Go to sleep, you must not see us, you cannot see us!” Again i sensed urgency and extreme anger. It was commanding me to sleep. Pushing me hard, it’s weight heavy on my chest and shoulders. They all seemed surprised that I would be waking up, shocked almost and they didn’t know what to do about it. They were also desperate that I should not look at them. I was now struggling hard against it. I couldn’t open my eyes or speak, I was trying to shout. I was pushing with my body against its hands on my shoulders. I couldn’t move my body at all. Eventually I managed to shout “Who are you? What are you?” And at the same time I managed to push hard against it and jumped out of my bed and landed hard on my knees on the hardwood floor next to my bed. As I did so the pain from the impact jolted me, at the same time I sensed something like a body falling to the floor with me, right next to me just inches from me but I felt it shrink small to about a foot tall and kind of zoom off away from me extremely fast along the floor into the darkness, leaving me kneeling on the floor in pain next to my bed. It was 03:30hrs. It’s the only time this has happened to me. Such a weird, scary and crazy experience. Has anyone else experienced something like this?",INTRUDER,"The narrative focuses on multiple sensed presences that speak, command, and press on the sleeper, making the intruder element central despite some chest pressure.",
1vggamx,Sleepparalysis,69,"Waking up with half-body vibrations
When I wake up, I still feel that electric sensation in half of my body; if I don't move, it spreads to my entire body, and then I transition.  I’m not afraid anymore, and to be honest, I get a huge thrill out of this; however, I keep seeing giant people running toward me, grabbing me with their huge hands, and pushing me down.",1,1785955868.0,"Waking up with half-body vibrations When I wake up, I still feel that electric sensation in half of my body; if I don't move, it spreads to my entire body, and then I transition. I’m not afraid anymore, and to be honest, I get a huge thrill out of this; however, I keep seeing giant people running toward me, grabbing me with their huge hands, and pushing me down.",INTRUDER,"The narrative focuses on seeing giant people approaching and grabbing the narrator, indicating a sensed presence as the primary element.",
1vgejto,Sleepparalysis,365,"struggling to wake up in the morning?
hi! i wanted to share my experience with sleep paralysis bc i can never find anyone else describing a similar experience to mine. so, if not to find others who are like me, to maybe help someone else feel less alone? 

anyways! i developed recurring sleep paralysis (2-3 times a week) in the past 6 months. it's not something i dealt with frequently before and it's exclusively as I'm trying to wake up. i wake up frozen and frightened and trying to regain full consciousness. i have heard advice of trying to move your fingers, toes, or tongue to try and break out of it. my issue is i believe it's working, but isn't helping. my half-asleep state will see and feel my fingers moving. I'll wave my hand in front of my face, I'll open my eyes and move them around, I'll try and sit up, I'll tap my girlfriend to try to get her to help me. and to me, i am moving! but it's hazy and sluggish, it won't wake me up fully and that's what freaks me out. i always convince myself that it's reality. 

but from what my gf tells me, I'm never actually moving at all. I'm completely still until i shoot awake confused and scared. 

it's worse when I'm sleeping next to someone. I'll try and get them to help me or alert them in some way to what's going on. and I'll (i guess hallucinate?) them helping me sit up, or trying to shake me awake. I'll believe I'm making sounds or words but i never am. 

i just woke up alone from an episode in which i believed i was pressing my head against my bedside table, shoving my fingers down my throat to try to gag or something to wake me up. i woke up properly with my hands at my sides, staring at my bedside table from a distance. 

I'm not sure whats causing this (my friends suspect narcolepsy) but I'm due for a sleep study sometime soon. if anyone has any other advice for waking up/coping with sleep paralysis I'll take any help I can get!",1,1785952156.0,"struggling to wake up in the morning? hi! i wanted to share my experience with sleep paralysis bc i can never find anyone else describing a similar experience to mine. so, if not to find others who are like me, to maybe help someone else feel less alone? anyways! i developed recurring sleep paralysis (2-3 times a week) in the past 6 months. it's not something i dealt with frequently before and it's exclusively as I'm trying to wake up. i wake up frozen and frightened and trying to regain full consciousness. i have heard advice of trying to move your fingers, toes, or tongue to try and break out of it. my issue is i believe it's working, but isn't helping. my half-asleep state will see and feel my fingers moving. I'll wave my hand in front of my face, I'll open my eyes and move them around, I'll try and sit up, I'll tap my girlfriend to try to get her to help me. and to me, i am moving! but it's hazy and sluggish, it won't wake me up fully and that's what freaks me out. i always convince myself that it's reality. but from what my gf tells me, I'm never actually moving at all. I'm completely still until i shoot awake confused and scared. it's worse when I'm sleeping next to someone. I'll try and get them to help me or alert them in some way to what's going on. and I'll (i guess hallucinate?) them helping me sit up, or trying to shake me awake. I'll believe I'm making sounds or words but i never am. i just woke up alone from an episode in which i believed i was pressing my head against my bedside table, shoving my fingers down my throat to try to gag or something to wake me up. i woke up properly with my hands at my sides, staring at my bedside table from a distance. I'm not sure whats causing this (my friends suspect narcolepsy) but I'm due for a sleep study sometime soon. if anyone has any other advice for waking up/coping with sleep paralysis I'll take any help I can get!",OTHER,"The narrative focuses on inability to move and hallucinated attempts to wake, without any sensed presence, chest pressure, or vestibular/motor displacement.",Vague/Unclear
1vg4myx,Sleepparalysis,156,"How do you guys shake off the post-episode fear so you can actually rest?
&amp;#x200B;

I had a sleep paralysis episode this morning after a rough night of broken sleep.

The story goes - The sunlight was already streaming through the window, so I pulled the bedsheet over my face to block it out and tried to drift off again. Big mistake. For what felt like a solid 5 minutes, I was pinned under the sheet, completely paralyzed, suffocating under it, and struggling just to get a proper breath. Such terror!

When I finally fought my way out of it, I was completely exhausted—yet way too terrified to close my eyes again.

Honestly, I’ve managed to cut down how often these episodes happen using meditations and grounding exercises, but when it breaks through, it’s just as horrible every single time.

How do you guys ho back to sleep or calm yourself down after an episode? :'(",1,1785929090.0,"How do you guys shake off the post-episode fear so you can actually rest? &amp;#x200B; I had a sleep paralysis episode this morning after a rough night of broken sleep. The story goes - The sunlight was already streaming through the window, so I pulled the bedsheet over my face to block it out and tried to drift off again. Big mistake. For what felt like a solid 5 minutes, I was pinned under the sheet, completely paralyzed, suffocating under it, and struggling just to get a proper breath. Such terror! When I finally fought my way out of it, I was completely exhausted—yet way too terrified to close my eyes again. Honestly, I’ve managed to cut down how often these episodes happen using meditations and grounding exercises, but when it breaks through, it’s just as horrible every single time. How do you guys ho back to sleep or calm yourself down after an episode? :'(",INCUBUS,"The narrative centers on feeling suffocated and chest pressure from the sheet, with no mention of an intruder or movement sensations.",
1vg0xax,Sleepparalysis,321,"Is hyperventilating a worry?
Ive struggled with sleep paralysis as long as I can remember. Started when I was around 7 along with chronic nightmares and anxiety attacks that would follow. It used to be fairly often, maybe once or twice a week, and over the years, it's decreased significantly. 

I've been able to reduce the number of attacks by not sleeping on my back EVER. I'm also not watching anxiety or fear inducing shows/movies at night. Now, at 24, I only get attacks maybe once or twice a month. I manage them a lot better because im actively aware that they are temporary, and Im able to pretend my eyes are closed (this helps with room hallucinations). However, on days that Im not as aware, or i get a really scary one, my boyfriend is able to help me a lot by waking me up. 

I told him when we started dating that this is something I experienced regularly, and we weren't sure how he would be able to help at all. After the first few times it happened in front of him, he told me that I hyperventilate when it happens; otherwise, I look completely still. I knew this was something I felt was happening, but i didn't know how noticeable it was. He told me I also make like a wimper/wheezing sound that can be loud when I seem distressed. He will wake me up gently if he notices it happening, and if I feel it happening, I will try to change my breathing and breathe fast even if im not scared so he will notice and wake me up.

I wonder whether or not this will have an impact on my health and if im doing more harm than good when trying to get him to notice when im having an attack. Does him waking me up really have an impact on the duration of the attack?",1,1785916774.0,"Is hyperventilating a worry? Ive struggled with sleep paralysis as long as I can remember. Started when I was around 7 along with chronic nightmares and anxiety attacks that would follow. It used to be fairly often, maybe once or twice a week, and over the years, it's decreased significantly. I've been able to reduce the number of attacks by not sleeping on my back EVER. I'm also not watching anxiety or fear inducing shows/movies at night. Now, at 24, I only get attacks maybe once or twice a month. I manage them a lot better because im actively aware that they are temporary, and Im able to pretend my eyes are closed (this helps with room hallucinations). However, on days that Im not as aware, or i get a really scary one, my boyfriend is able to help me a lot by waking me up. I told him when we started dating that this is something I experienced regularly, and we weren't sure how he would be able to help at all. After the first few times it happened in front of him, he told me that I hyperventilate when it happens; otherwise, I look completely still. I knew this was something I felt was happening, but i didn't know how noticeable it was. He told me I also make like a wimper/wheezing sound that can be loud when I seem distressed. He will wake me up gently if he notices it happening, and if I feel it happening, I will try to change my breathing and breathe fast even if im not scared so he will notice and wake me up. I wonder whether or not this will have an impact on my health and if im doing more harm than good when trying to get him to notice when im having an attack. Does him waking me up really have an impact on the duration of the attack?",OTHER,"The narrative focuses on hyperventilation and partner assistance without describing an intruder, chest pressure, or movement sensations.",Somatic/Physical
1vfurr4,Sleepparalysis,60,"dreams before sleep paralysis
Not sure how it works but i’ve been having small dreams prior to sleep paralysis. I think i’ve been having sleep paralysis in general since I was in high school and i’m 31 now. My dad passed away last year and the recent sleep paralysis events I had, I always saw him before falling into it.",2,1785897348.0,"dreams before sleep paralysis Not sure how it works but i’ve been having small dreams prior to sleep paralysis. I think i’ve been having sleep paralysis in general since I was in high school and i’m 31 now. My dad passed away last year and the recent sleep paralysis events I had, I always saw him before falling into it.",INTRUDER,"The narrative focuses on seeing a person (the father) as a presence before the paralysis, with no chest pressure or movement described.",
1vftfax,Sleepparalysis,98,"Chronic sleep paralysis
Since I’ve been a child I’ve had sleep paralysis almost every night whether it be floating heads, shadow figures, entities with horns, auditory hallucinations etc to the point I’ve become numb to anything “scary” in the waking world. I’ve learned to turn the paralysis into lucid dreams but it’s hard sometimes. the main reason I get it is waking myself up from my nightmares which leaves my body asleep but my mind awake. Is there any remedy or advice to help with the episodes because I’m getting really sick of my shadows constantly terrorizing me.",1,1785893713.0,"Chronic sleep paralysis Since I’ve been a child I’ve had sleep paralysis almost every night whether it be floating heads, shadow figures, entities with horns, auditory hallucinations etc to the point I’ve become numb to anything “scary” in the waking world. I’ve learned to turn the paralysis into lucid dreams but it’s hard sometimes. the main reason I get it is waking myself up from my nightmares which leaves my body asleep but my mind awake. Is there any remedy or advice to help with the episodes because I’m getting really sick of my shadows constantly terrorizing me.",INTRUDER,"The narrative focuses on shadow figures and entities threatening the sleeper, emphasizing a sensed presence rather than chest pressure or movement.",
1vfsrua,Sleepparalysis,312,"sleep paralysis, someone walking on my bed, screaming god is great helped me
Yo, sharing this event happened hours ago, I was watching a stream on youtube, and suddenly felt lying down on my bed, i went to bed, covered up myself with my blanket and fell into deep sleep, idk what and how, but after 20 minutes in bed i had a wierd dream about the streaming i was just seeing.

suddenly the streaming got paused i pressed the space button to resume (in my dream) but it went to a different video which i dont remember.

after that i opened my eyes half and can see blurry vision my tv at distance. there was no one in my room, no noise, no ac or fan, extremly quite room, i was froze in my half eye open state, and then the part rocked the shi out of me, is i heard my bed making creeks sound as if someone walking on it and it took 4 steps sound literally.

i tried to turn back and see, or open my fist or move my arm, i litterally hear my heart racing dukut dukut dukut, body feel hot, and i cant do shi t and i finally yelled god is great in my own language and everything gone back to normal. i touched my neck to see if it was fever or something it was gone, but i felt extremely hot for 1 second, when my heard rate got up.

im not scared i was wishing to see that sob or what that wwas, i  turned back to my and kept thinking what it oculd be. i was facinated that mf chose me to play with.

im not scared because i am kinda done with all this bs and life, so it was trhilling to see what could be outside this world lol",2,1785891896.0,"sleep paralysis, someone walking on my bed, screaming god is great helped me Yo, sharing this event happened hours ago, I was watching a stream on youtube, and suddenly felt lying down on my bed, i went to bed, covered up myself with my blanket and fell into deep sleep, idk what and how, but after 20 minutes in bed i had a wierd dream about the streaming i was just seeing. suddenly the streaming got paused i pressed the space button to resume (in my dream) but it went to a different video which i dont remember. after that i opened my eyes half and can see blurry vision my tv at distance. there was no one in my room, no noise, no ac or fan, extremly quite room, i was froze in my half eye open state, and then the part rocked the shi out of me, is i heard my bed making creeks sound as if someone walking on it and it took 4 steps sound literally. i tried to turn back and see, or open my fist or move my arm, i litterally hear my heart racing dukut dukut dukut, body feel hot, and i cant do shi t and i finally yelled god is great in my own language and everything gone back to normal. i touched my neck to see if it was fever or something it was gone, but i felt extremely hot for 1 second, when my heard rate got up. im not scared i was wishing to see that sob or what that wwas, i turned back to my and kept thinking what it oculd be. i was facinated that mf chose me to play with. im not scared because i am kinda done with all this bs and life, so it was trhilling to see what could be outside this world lol",INTRUDER,"The narrative focuses on hearing and sensing someone walking on the bed, indicating a perceived presence rather than chest pressure or movement sensations.",
1vfry71,Sleepparalysis,343,"dream sleep paralysis made a liiiittle too much sense
Good day to y'all. I woke up a bit ago from a dream involving sleep paralysis that got me so confused on how much sense it made that I felt there had to be a sub for it. Sure enough. 

Context of the dream aside: I willingly subjected myself to entering a sort of body-shaped metal cage resembling an exoskeleton without the ability to move the ""user's"" joints with a vr headset to put your head into. 

Once I got set up, I had the same point of view I do when I wake up in bed. I didn't even try to move because I was waiting for something to happen. I remember there being the idea of doing this whole thing in the dream to experience something intense. 

After a few seconds I started feeling insanely real body shakes and a heart attack.

For the record, I'm 24 with no underlying health conditions. No medical history in my family related to this. Nothing. This felt so real I thought I was convinced I was going to die. 

After 20 seconds or so, everything but my vision stopped, only to pick back up again even faster and more intensely. 

Then... it became pleasant. Like a rush at work or a demanding workout. Cue a slowly fading-in point of view of a jockey that slowly filled my field of view, with synthwave playing as if I was living a 90s era ad parody. While riding on the back of a horse and experiencing the whole thing, the camera transitioned to a panning view of the track and let a logo face in, presumably advertising a virtual reality game. 

I then woke up normally, albeit confused and worried. I was NOT ready to experience what felt like a heart attack for the sake of a realistic horse racing simulator while trapped in a fnaf-esque contraption. Might've been AI generated for all I know. That wouldn't be beyond what they do these days. 

Thanks for reading :)",2,1785889672.0,"dream sleep paralysis made a liiiittle too much sense Good day to y'all. I woke up a bit ago from a dream involving sleep paralysis that got me so confused on how much sense it made that I felt there had to be a sub for it. Sure enough. Context of the dream aside: I willingly subjected myself to entering a sort of body-shaped metal cage resembling an exoskeleton without the ability to move the ""user's"" joints with a vr headset to put your head into. Once I got set up, I had the same point of view I do when I wake up in bed. I didn't even try to move because I was waiting for something to happen. I remember there being the idea of doing this whole thing in the dream to experience something intense. After a few seconds I started feeling insanely real body shakes and a heart attack. For the record, I'm 24 with no underlying health conditions. No medical history in my family related to this. Nothing. This felt so real I thought I was convinced I was going to die. After 20 seconds or so, everything but my vision stopped, only to pick back up again even faster and more intensely. Then... it became pleasant. Like a rush at work or a demanding workout. Cue a slowly fading-in point of view of a jockey that slowly filled my field of view, with synthwave playing as if I was living a 90s era ad parody. While riding on the back of a horse and experiencing the whole thing, the camera transitioned to a panning view of the track and let a logo face in, presumably advertising a virtual reality game. I then woke up normally, albeit confused and worried. I was NOT ready to experience what felt like a heart attack for the sake of a realistic horse racing simulator while trapped in a fnaf-esque contraption. Might've been AI generated for all I know. That wouldn't be beyond what they do these days. Thanks for reading :)",OTHER,"The narrative focuses on intense bodily sensations and a VR scenario without a clear intruder, chest pressure, or vestibular movement.",Vague/Unclear
1vfqrxl,Sleepparalysis,352,"Strange voice
&amp;#x200B;

Is this normal or what happened to me or did this ever happen to you too? So as in writing rn it 6:22 and I was trying to sleep at 4, then I fell asleep for bit and then when I sleep I woke up again at 6:10 when I open my eye I heard nth but when I close it I feel it like not loud but I feel it like I heard a girl voice doing long vocal note. And I can't move or anything. It was like It hard to explain but I'll try my best, I see myself could move but it slow like my hand, I see it blury, and move slow and I try my best then when I close my eyes I'm in the same situation. Like second ago I was moving a bit then that all gone and when I close my eyes I heard girl voice again doing long note, not saying anything just long note vocal, and I try my best just now I grab my phone and writing this right now. And this is not the first time ,this happened a lot of time, I woke up and I can't really move my body, and sometimes I always feel like I heard something, like my mom voice at downstairs kitchen, or anything but when I look at the window ( because house have 3 floor) I didn't see any light, it all dark, if she down there she would open the light.

I never see anything weird but this always happens, I have a bad sleeping schedule so I usually sleep around 3-4 am and sometimes these happened when I woke up at 5-6 I can't move my body and anything, feels like I'm stuck there , but whenever I'm sleeping in my brother's room or I sleep with light on these never happened? It's just weird and I'm confused if this ever happened to anyone or something more weird than that

(Btw I'm not really good at English so please don't mind some of my bad grammar.)",1,1785886663.0,"Strange voice &amp;#x200B; Is this normal or what happened to me or did this ever happen to you too? So as in writing rn it 6:22 and I was trying to sleep at 4, then I fell asleep for bit and then when I sleep I woke up again at 6:10 when I open my eye I heard nth but when I close it I feel it like not loud but I feel it like I heard a girl voice doing long vocal note. And I can't move or anything. It was like It hard to explain but I'll try my best, I see myself could move but it slow like my hand, I see it blury, and move slow and I try my best then when I close my eyes I'm in the same situation. Like second ago I was moving a bit then that all gone and when I close my eyes I heard girl voice again doing long note, not saying anything just long note vocal, and I try my best just now I grab my phone and writing this right now. And this is not the first time ,this happened a lot of time, I woke up and I can't really move my body, and sometimes I always feel like I heard something, like my mom voice at downstairs kitchen, or anything but when I look at the window ( because house have 3 floor) I didn't see any light, it all dark, if she down there she would open the light. I never see anything weird but this always happens, I have a bad sleeping schedule so I usually sleep around 3-4 am and sometimes these happened when I woke up at 5-6 I can't move my body and anything, feels like I'm stuck there , but whenever I'm sleeping in my brother's room or I sleep with light on these never happened? It's just weird and I'm confused if this ever happened to anyone or something more weird than that (Btw I'm not really good at English so please don't mind some of my bad grammar.)",OTHER,"The narrative describes auditory hallucinations and paralysis without a sensed presence, chest pressure, or movement sensations, so it does not fit intruder, incubus, or vestibular motor categories.",Auditory/Vibrational
1vfqfdr,Sleepparalysis,80,"How can a person get out of sleep paralysis episode?
23(M) just had an episode for the 4th time and this one took me too long to get out of it . I tried everything to wake up but  eventually I did a barbell deathroll (  a move i did in my dream 😂)  and woke up from it . And I was wondering what can I do next time so it doesn't happen again? (Sorry for the bad english)",1,1785885758.0,How can a person get out of sleep paralysis episode? 23(M) just had an episode for the 4th time and this one took me too long to get out of it . I tried everything to wake up but eventually I did a barbell deathroll ( a move i did in my dream 😂) and woke up from it . And I was wondering what can I do next time so it doesn't happen again? (Sorry for the bad english),OTHER,"The narrative is a question about coping with sleep paralysis and lacks any described intruder, chest pressure, or vestibular sensations.",Vague/Unclear
1vfb51v,Sleepparalysis,266,"Was this sleep paralysis?? TW: mentions of sa
So I’m going to tell the story of the dream first. For some context, my first sa happened on a school bus and my second happened at my exs house. I don’t really remember fs where i was at in the dream but i remember that i kept smelling my hands and the smell smelled exactly like my ex’s soap. Like i mean his mom’s bathroom soap. And after i would smell the soap i started hyperventilating bad and like reliving the trauma and like i could see my face in a bus mirror. And like i couldn’t move my body (in the dream and irl) besides my hands and i just kept smelling my hands. And i woke up hyperventilating on the couch after taking a nap. I couldn’t move my body for a bit even after i woke up. It was like if your limbs were asleep and wayyy too heavy for you to lift them up, except they just weren’t asleep. And like i was just stuck there. Like i literally remember me just trying to move (in and out of the dream) so badly but i just couldn’t. I don’t know if that was caused by sleep paralysis or being too scared to move caused by trauma. I’ve never had sleep paralysis, so i was wondering if that’s what this is. I’m trying to figure out what happened to me because a few days after i had this dream, another similar incident happened where i couldn’t move after being asleep/half asleep at the time.",1,1785851918.0,"Was this sleep paralysis?? TW: mentions of sa So I’m going to tell the story of the dream first. For some context, my first sa happened on a school bus and my second happened at my exs house. I don’t really remember fs where i was at in the dream but i remember that i kept smelling my hands and the smell smelled exactly like my ex’s soap. Like i mean his mom’s bathroom soap. And after i would smell the soap i started hyperventilating bad and like reliving the trauma and like i could see my face in a bus mirror. And like i couldn’t move my body (in the dream and irl) besides my hands and i just kept smelling my hands. And i woke up hyperventilating on the couch after taking a nap. I couldn’t move my body for a bit even after i woke up. It was like if your limbs were asleep and wayyy too heavy for you to lift them up, except they just weren’t asleep. And like i was just stuck there. Like i literally remember me just trying to move (in and out of the dream) so badly but i just couldn’t. I don’t know if that was caused by sleep paralysis or being too scared to move caused by trauma. I’ve never had sleep paralysis, so i was wondering if that’s what this is. I’m trying to figure out what happened to me because a few days after i had this dream, another similar incident happened where i couldn’t move after being asleep/half asleep at the time.",OTHER,"The narrative focuses on immobility and hyperventilation without a sensed intruder, chest pressure, or vestibular/motor sensations.",Vague/Unclear
1vf6ncp,Sleepparalysis,184,"Can’t tell if I made it up or not
I can’t even remember when it happened. Within the last few nights. 

I completely forgot about it until just now. It randomly hit me like “oh shit, that happened.” 

I have a vivid memory of my ceiling, and having this like tight feeling all over my body. The best way I can describe it is like, y’know that tightness you get in a cramp? It was like that but all over my body and completely painless. It just felt like I was entirely stiff as a board. 

I remember absolutely nothing about before or after the incident. That’s why I’m not sure if I dreamt it or if it really happened. 

I’d heard stories about sleep paralysis so I gathered the sense to think “okay, you’ve heard stories. This is that. I don’t wanna see scary stuff” so I remember shutting my eyes and waiting for it to be over, and that worked, I never saw anything scary. 

I’ve been stressing a lot at night over a breakup, I wonder if that played into it?",1,1785839784.0,"Can’t tell if I made it up or not I can’t even remember when it happened. Within the last few nights. I completely forgot about it until just now. It randomly hit me like “oh shit, that happened.” I have a vivid memory of my ceiling, and having this like tight feeling all over my body. The best way I can describe it is like, y’know that tightness you get in a cramp? It was like that but all over my body and completely painless. It just felt like I was entirely stiff as a board. I remember absolutely nothing about before or after the incident. That’s why I’m not sure if I dreamt it or if it really happened. I’d heard stories about sleep paralysis so I gathered the sense to think “okay, you’ve heard stories. This is that. I don’t wanna see scary stuff” so I remember shutting my eyes and waiting for it to be over, and that worked, I never saw anything scary. I’ve been stressing a lot at night over a breakup, I wonder if that played into it?",OTHER,"The narrative describes a generalized tight, stiff sensation across the body without a sensed presence, chest pressure, or movement, so it does not fit intruder, incubus, or vestibular motor categories.",Vague/Unclear
1vf08wf,Sleepparalysis,153,"I had a buzzing sound like a bee during my first sleep paralysis.
I experienced a buzzing sound like a bee during sleep paralysis.
I had my first episode of sleep paralysis tonight; I had heard about it before because my brother has always suffered from it. I was lying on my back when, out of nowhere, I felt intense chills and a buzzing sound like a bee. I could also feel my heart racing—beating so fast it felt like it was about to burst out of my chest—and I couldn't move a muscle. I decided not to open my eyes because I had heard you might see things. I was frightened at first, but then I relaxed and took deep breaths, feeling my heart rate slow down and then speed up again. This lasted for about a minute and a half; then I tried to move my arm, succeeded, and woke up.",1,1785818147.0,"I had a buzzing sound like a bee during my first sleep paralysis. I experienced a buzzing sound like a bee during sleep paralysis. I had my first episode of sleep paralysis tonight; I had heard about it before because my brother has always suffered from it. I was lying on my back when, out of nowhere, I felt intense chills and a buzzing sound like a bee. I could also feel my heart racing—beating so fast it felt like it was about to burst out of my chest—and I couldn't move a muscle. I decided not to open my eyes because I had heard you might see things. I was frightened at first, but then I relaxed and took deep breaths, feeling my heart rate slow down and then speed up again. This lasted for about a minute and a half; then I tried to move my arm, succeeded, and woke up.",OTHER,"The narrative describes buzzing sounds and heart racing without a sensed presence, chest pressure, or movement sensations, so it does not fit the other categories.",Auditory/Vibrational
1vetl26,Sleepparalysis,38,"Is this sleep paralysis?
last night I woke up and I couldn’t move my body. all I could see was a steady whit light. I then heard a door open and I woke up. is this sleep paralysis?",2,1785799817.0,Is this sleep paralysis? last night I woke up and I couldn’t move my body. all I could see was a steady whit light. I then heard a door open and I woke up. is this sleep paralysis?,OTHER,"The narrative describes immobility and a light with a door sound, lacking clear intruder, chest pressure, or vestibular sensations.",Vague/Unclear
1veqrww,Sleepparalysis,230,"Is this sleep paralysis?
Ever since i was a young child i remeber having these dreams where i wake up in my bed and stuff (sometimes animals, sometimes unreal beings??) starts to come at me full speed. I remeber when i was a kid i wouldn’t be able to snap out of the dream until i was almost dead by something coming at me and attacking me and i remeber it happening quite a lot when i was a kid.

Now it happens maybe once every couple of weeks if not months but it happened last night and i was able to snap out of it as soon as i woke up in my bed whilst being in a state of dreaming as i realised what was about to happen and instantly tried waking up my brain and moving about my fingers which i found has worked after hearing someone talk about i last year.

However if i try fall back asleep it starts to come back and i have to keep waking myself up and looking around my room to assure myself im okay and awake and fall asleep thinking of happy thoughts and memories to try block out it happening again.

Anyway i was wondering if this sleep paralysis because it’s not really what i hear others experience and im able to snap out of it really quickly.",1,1785792958.0,"Is this sleep paralysis? Ever since i was a young child i remeber having these dreams where i wake up in my bed and stuff (sometimes animals, sometimes unreal beings??) starts to come at me full speed. I remeber when i was a kid i wouldn’t be able to snap out of the dream until i was almost dead by something coming at me and attacking me and i remeber it happening quite a lot when i was a kid. Now it happens maybe once every couple of weeks if not months but it happened last night and i was able to snap out of it as soon as i woke up in my bed whilst being in a state of dreaming as i realised what was about to happen and instantly tried waking up my brain and moving about my fingers which i found has worked after hearing someone talk about i last year. However if i try fall back asleep it starts to come back and i have to keep waking myself up and looking around my room to assure myself im okay and awake and fall asleep thinking of happy thoughts and memories to try block out it happening again. Anyway i was wondering if this sleep paralysis because it’s not really what i hear others experience and im able to snap out of it really quickly.",INTRUDER,"The narrative focuses on perceived threatening beings/figures approaching and attacking the sleeper, emphasizing a sensed presence rather than chest pressure or movement.",
1vee88s,Sleepparalysis,228,"Events seperated
Hi i just finded this sub, i am gonna share the most recent events taht happened to me. All of this events i was with sleep paralysis.

1-One night i was sleeping, and i wake up with someone going through my closet, a few moments later i feel something sitting in the my bed, cause i could feel the weight and it was going down.

2-One other night i started do hear screams, i tried to move i couldn't, but i could see and there was. really bright light, even more then the sun, it cover all of my vision, but it stopped when i opened my eyes.

3-Tonight i was sleeping in my sofa, and i wake up again, since this comes to happen a few times i tryed to open my eyes, with some dark figure going arround my sofa fast, I don't know how long it was but, i tried to pickup my phone to use the light, and stoped, and it was basically looking at me (I think) it appeared to be a person in all white (my country they don't bury the dead like that).

This are the events that happened to me.

Update, my girl was sleeping with me, and she had an episode like i did, she never had it before, I'm start to believe it's not sleep paralysis",2,1785765536.0,"Events seperated Hi i just finded this sub, i am gonna share the most recent events taht happened to me. All of this events i was with sleep paralysis. 1-One night i was sleeping, and i wake up with someone going through my closet, a few moments later i feel something sitting in the my bed, cause i could feel the weight and it was going down. 2-One other night i started do hear screams, i tried to move i couldn't, but i could see and there was. really bright light, even more then the sun, it cover all of my vision, but it stopped when i opened my eyes. 3-Tonight i was sleeping in my sofa, and i wake up again, since this comes to happen a few times i tryed to open my eyes, with some dark figure going arround my sofa fast, I don't know how long it was but, i tried to pickup my phone to use the light, and stoped, and it was basically looking at me (I think) it appeared to be a person in all white (my country they don't bury the dead like that). This are the events that happened to me. Update, my girl was sleeping with me, and she had an episode like i did, she never had it before, I'm start to believe it's not sleep paralysis",INTRUDER,The narrative repeatedly emphasizes sensed presences and visual figures (intruder) more than chest pressure or movement sensations.,
1veba3z,Sleepparalysis,189,"Sleep paralysis?
Just wanting some clarity on what’s been happening to me at night

So about 2 weeks ago I was asleep and got the sensation that my bed was shaking as if there was a mild tremor happening. Woke up and was very disorientated and confused but it did freak me out. Went to the toilet and came back and the bed was not moving. This happened again afew nights in a row, I would wake up feeling as if the bed was gently shaking or vibrating. Now almost every night when I try to go asleep I seem to jerk awake. I don’t know why, nothing like this has ever happened to me before. Every time I seemed to be just drifting off to sleep my body would twitch or jerk back awake again and I’d get this dread sort of feeling. I’m not really sleeping very much any more. But I don’t get the paralysis in SP I can move fine. But it’s like I’m not conscious that my body is jerking or jolting and I wake up so confused. Had this happened to anyone before?",2,1785758049.0,"Sleep paralysis? Just wanting some clarity on what’s been happening to me at night So about 2 weeks ago I was asleep and got the sensation that my bed was shaking as if there was a mild tremor happening. Woke up and was very disorientated and confused but it did freak me out. Went to the toilet and came back and the bed was not moving. This happened again afew nights in a row, I would wake up feeling as if the bed was gently shaking or vibrating. Now almost every night when I try to go asleep I seem to jerk awake. I don’t know why, nothing like this has ever happened to me before. Every time I seemed to be just drifting off to sleep my body would twitch or jerk back awake again and I’d get this dread sort of feeling. I’m not really sleeping very much any more. But I don’t get the paralysis in SP I can move fine. But it’s like I’m not conscious that my body is jerking or jolting and I wake up so confused. Had this happened to anyone before?",OTHER,"The narrative describes bed vibrations and sudden body jerks without any sensed presence, chest pressure, or out-of-body movement.",Vague/Unclear
1ve94ii,Sleepparalysis,385,"Vivid Nightmares After What I Think Might Have Been Sleep Paralysis?
(37M) I’ve been reading through some of the posts on here and the buzzing…Like bells. Heavy constant deep chimes. My entire body was vibrating and it was the loudest thing I’ve ever heard. I felt so trapped. I’ve never experienced this before. I remember straining against it with everything I had and absolutely nothing. Then suddenly I could move. I shifted in bed a little and shrugged it off as a weird REM thing. I don’t know if I truly woke up or not. But I fell into a dream that was vividly real and kind of mundane then it progressed into the most vivid and frightening nightmare I’ve ever experienced in my life. I’ve been up for about an hour still. Can’t sleep. My wife said she had been awake and was about to use the restroom when she noticed my breathing change. She said I started breathing fast and deep and then I started screaming and thrashing. I came too by hitting my body against our bedroom door. It was like I was there in the dream screaming for help to save this child and the next moment they were just gone and I was already in the doorway. I was shaking and my face was wet and I realized I was dreaming but i immediately went to check on my three kiddos. The NEEDED to be safe. It was all I could think. They were safe. All snoozing safe and warm in their beds. I’m kind of still reeling. 

The lead up to the bells was so weird too. It was like these little electric buzzing sounds. Like an old light that was going out. They reminded me of the brain zaps I would get after missing a dose of my meds from years ago. I remember laying there for a bit worried I was having a stroke or something. The buzzing chimes stopped then came on full force and grew to this goddamn maddening crescendo and I felt like every bit of me would be split apart at the seams but there’s was no pain. Only the sounds and the vibrations. I keep getting cold chill flashes and goosebumps when I remember the dream and the sounds. It was awful.",3,1785751239.0,Vivid Nightmares After What I Think Might Have Been Sleep Paralysis? (37M) I’ve been reading through some of the posts on here and the buzzing…Like bells. Heavy constant deep chimes. My entire body was vibrating and it was the loudest thing I’ve ever heard. I felt so trapped. I’ve never experienced this before. I remember straining against it with everything I had and absolutely nothing. Then suddenly I could move. I shifted in bed a little and shrugged it off as a weird REM thing. I don’t know if I truly woke up or not. But I fell into a dream that was vividly real and kind of mundane then it progressed into the most vivid and frightening nightmare I’ve ever experienced in my life. I’ve been up for about an hour still. Can’t sleep. My wife said she had been awake and was about to use the restroom when she noticed my breathing change. She said I started breathing fast and deep and then I started screaming and thrashing. I came too by hitting my body against our bedroom door. It was like I was there in the dream screaming for help to save this child and the next moment they were just gone and I was already in the doorway. I was shaking and my face was wet and I realized I was dreaming but i immediately went to check on my three kiddos. The NEEDED to be safe. It was all I could think. They were safe. All snoozing safe and warm in their beds. I’m kind of still reeling. The lead up to the bells was so weird too. It was like these little electric buzzing sounds. Like an old light that was going out. They reminded me of the brain zaps I would get after missing a dose of my meds from years ago. I remember laying there for a bit worried I was having a stroke or something. The buzzing chimes stopped then came on full force and grew to this goddamn maddening crescendo and I felt like every bit of me would be split apart at the seams but there’s was no pain. Only the sounds and the vibrations. I keep getting cold chill flashes and goosebumps when I remember the dream and the sounds. It was awful.,OTHER,"The narrative focuses on intense auditory/vibratory sensations and paralysis without a sensed intruder, chest pressure, or movement sensations.",Auditory/Vibrational
1ve8jy5,Sleepparalysis,1679,"My Final Experience with SP: The little girl in the Raincoat
I felt true fear for the first time three years ago. It was the most vivid experience I'd ever had in my life, and I'm telling you all this in hopes that I can come to understand myself a bit better. My memory could be off, this was three years ago, and though this passage will be told in a story format, these are the events as they took place. This experience truly changed my life and helped me understand consciousness from a higher perspective, one that I've yet since been able to experience. That is why I want to tell you all about Raincoat, the little girl that trapped me in eternal sleep. (For just the sleep paralysis portion and my takeaway, skip the next two paragraphs)

I, 20(M)(at the time), had just finished my winter semester in college, and decided to take a few years off to focus on having a few operations(I have a physical disability, but that's a separate story). As normal, the operation went well, but as my normal operations go, I'd need to stay for a few months to get the proper physical treatment I'd need. They set me up in the hospital house across the street(typical hotel room layout), with a small walk in and the bathroom directly by the entrance, followed by an open area with two beds and an AC unit on the far wall. I am an avid loser, so despite the pain I was in, I wasted no time setting up my computer(desktop, not laptop). This was the first time I'd be alone for the months following an operation, but being an adult, I was okay with this. Navigating was difficult, but the therapists were people I'd worked with in the past, so I had company if anything.

It was about a month into my trip when problems had began. Limb lengthenings were among the most painful parts of my day, aside from the initial waking hour where my pain medication had worn off, and I had begun experiencing rapid eye jerking every so often, as well as a worsening in my vision. Sometimes, I'd even wake up, indicating that I had at some point fallen asleep. It was clear that I wasn't getting proper rest, something i attributed to the pain and the fact I had been sleeping in a wheelchair rather than moving myself to the bed at nights, So for this night, I decided to sleep in the bed nearest to the bathroom. Turning off the room light and heading to bed.

I have had many previous experiences with sleep paralysis in the past, only two of which I can recall seeing demons, that being the first two, so I wasn't surprised when I woke that day, incapable of moving an inch. I was in a peculiar position, lying prone on my stomach just barely far enough to not fall into the space between the bed and the near wall. The sickly hospital blue walls and birch flooring, paired with the dim lighting gave a sense of sunkenness, feeling akin to being trapped in some sort of strange underwater aquarium. My head was angled downwards, just barely allowing me to see the light that spilled from the bathroom door into the open room. It was extremely uncomfortable, and my neck was in agony, but since I was so tired, I ended up drifting off to sleep again only a few seconds later. When I woke again, I was still stuck, this time desperately trying to wiggle any part of me that was willing to move to no avail, only to fall asleep again a few seconds later.

I'm unsure how much time passed the third time, but when I woke again, the room was considerably darker. Except this time, something was very off. Through the wall next to me, the sound of a running showerhead blared, and from the open bathroom door, just barely outside of my vision, I could hear the sound of water splashing against the wooden tile. I remembered thinking to myself that I needed to get up to turn it off, and as I tried, something even stranger happened. The water shut off suddenly. That is when I heard it, the rotted squelching of trench footed rainboots squeaking through the bathroom door, as the elongated shadow of what I could only assume was a little girl wearing a raincoat drifted into my vision. Attached to the long shadow, a small set of boots sat just barely in my peripherals. Every nerve in my body fired simultaneously. Normally, I have a standard procedure for paralysis, breaking free from it was as simple as getting enough momentum out of any one limb to break a spell. But I couldn't move. Like, at all. And then she began walking, slowly down the bedside, the squeak of her boots echoing against the walls, fraying my nerves. And when she arrived at my head, she just stood there. I cant remember exactly, but I believe she smelled of rotting carcass, specifically the smell of venison which filled the air as she got closer.

This is where things become the most vivid, as my breathing stopped(potentially fake?), I was overcome with an overwhelming sense of dread as the little girl reached over me, placing her foot atop the mattress and climbing up. I remember the feeling of her slimy, bone like figure, filled out only by the raincoat she was wearing, slide up and around me as her matted hair streaked across my face. The smell of moldy shower drain filled my lungs, stifling me. My fear grew tangible, causing genuine pain to course through me with every firing signal. Like that feeling of pins and needles, times 100, and then she straddled my side, her cold and creepy jagged breaths jetting directly into my ear and crawling down the back of my neck. The next 2 minutes felt as If I was going under anesthesia in my final moments, the lights becoming overwhelmingly bright, everything being drowned out with the sickly sweet scent of silly gas, and my body spastically jerking to attempt to free myself from the spell I can't remember 100%, but  she whispered to me, and I think she said “Help me.” That was the last thing I heard before I finally jolted up after what I assume was two entire minutes. I immediately got out of bed and went for a walk down the hall, and for the remainder of my trip, I kept sleeping as a wheelchair only activity. That was the very last time I had sleep paralysis.  
  
 I know she's not real, and yet I still find myself thinking about her on every odd occasion. I don't believe in the supernatural, I find it silly, and yet my body still fears her. It's like one of those glass bridges. You understand how it works, and why it works, but that doesn't change the fear of falling you get when standing on one.

It is extremely hard to put my experience with Raincoat into words. By far one of the most traumatic experiences in my life was also by far one of the most eye opening and confusing. I want to be very clear, I DID NOT SEE RAINCOAT, yet I am 100% sure that I did, and yet when I think back on it, everything is wrong. She had NO COLOR, like she was some sort of pitch black silhouette, and yet I ""remember"" what she looks like, a girl in a yellow raincoat with yellow rain shoes on. Her skin was pale white and her hair was long and matted. She wore a yellow rain hat. I can't tell you why I know these things for certain, and why I'm almost positive of them, but I can at the very least confirm that I never saw her skin, or her hat. The things I genuinely saw were her boots and maybe a bit of the jacket she wore, yet my understanding of what she looks like haunts me. I have never felt that much, smelled that well, or suffered that badly EVER in my life before then, and have not since. Even being awake then, just moments afterwards, that same fear I was feeling not even a second before felt weak in comparison, as if it we're only some  interpretation of the real thing. I can only describe it as a poor man would describe being full. Fullness isn't something you can understand unless you've experienced it, and yet once a poor man sits to eat at the rich mans house, he realizes he'd never really felt full before, not really; he just believed that he had. And once the poor man returns to the street, he can never truly feel full again.

So this is where I'll end it. I want to move forward with my life, and potentially leave Raincoat behind. What I take from my experience with her is that I am afraid my life serves no greater purpose than to make me feel powerless and afraid, similarly to how Raincoat feels. It sounds silly, but I am wracked with an indescribable amount of existential dread because I unfortunately indulge in one too many “ 50 minutes of philosophy to fall asleep to” videos, so maybe that is the cause. Maybe there is some irony in it, raincoat wasn't powerless from my perspective, but even at my most vulnerable, she asked for my help. Maybe that is my sign to stop worrying about some imaginary comet, rogue black hole, ghost planet, nuclear disaster, super nova or sudden planetary explosion. Maybe it's my mind way of saying that being ""asleep"" isn't so bad. But I'm curious as to what you guys think. I don't know whether or not there is supposed to some sort of takeaway from sleep paralysis, I just can't live fear something that doesn't exist for the rest of my life. Thoughts?",3,1785749265.0,"My Final Experience with SP: The little girl in the Raincoat I felt true fear for the first time three years ago. It was the most vivid experience I'd ever had in my life, and I'm telling you all this in hopes that I can come to understand myself a bit better. My memory could be off, this was three years ago, and though this passage will be told in a story format, these are the events as they took place. This experience truly changed my life and helped me understand consciousness from a higher perspective, one that I've yet since been able to experience. That is why I want to tell you all about Raincoat, the little girl that trapped me in eternal sleep. (For just the sleep paralysis portion and my takeaway, skip the next two paragraphs) I, 20(M)(at the time), had just finished my winter semester in college, and decided to take a few years off to focus on having a few operations(I have a physical disability, but that's a separate story). As normal, the operation went well, but as my normal operations go, I'd need to stay for a few months to get the proper physical treatment I'd need. They set me up in the hospital house across the street(typical hotel room layout), with a small walk in and the bathroom directly by the entrance, followed by an open area with two beds and an AC unit on the far wall. I am an avid loser, so despite the pain I was in, I wasted no time setting up my computer(desktop, not laptop). This was the first time I'd be alone for the months following an operation, but being an adult, I was okay with this. Navigating was difficult, but the therapists were people I'd worked with in the past, so I had company if anything. It was about a month into my trip when problems had began. Limb lengthenings were among the most painful parts of my day, aside from the initial waking hour where my pain medication had worn off, and I had begun experiencing rapid eye jerking every so often, as well as a worsening in my vision. Sometimes, I'd even wake up, indicating that I had at some point fallen asleep. It was clear that I wasn't getting proper rest, something i attributed to the pain and the fact I had been sleeping in a wheelchair rather than moving myself to the bed at nights, So for this night, I decided to sleep in the bed nearest to the bathroom. Turning off the room light and heading to bed. I have had many previous experiences with sleep paralysis in the past, only two of which I can recall seeing demons, that being the first two, so I wasn't surprised when I woke that day, incapable of moving an inch. I was in a peculiar position, lying prone on my stomach just barely far enough to not fall into the space between the bed and the near wall. The sickly hospital blue walls and birch flooring, paired with the dim lighting gave a sense of sunkenness, feeling akin to being trapped in some sort of strange underwater aquarium. My head was angled downwards, just barely allowing me to see the light that spilled from the bathroom door into the open room. It was extremely uncomfortable, and my neck was in agony, but since I was so tired, I ended up drifting off to sleep again only a few seconds later. When I woke again, I was still stuck, this time desperately trying to wiggle any part of me that was willing to move to no avail, only to fall asleep again a few seconds later. I'm unsure how much time passed the third time, but when I woke again, the room was considerably darker. Except this time, something was very off. Through the wall next to me, the sound of a running showerhead blared, and from the open bathroom door, just barely outside of my vision, I could hear the sound of water splashing against the wooden tile. I remembered thinking to myself that I needed to get up to turn it off, and as I tried, something even stranger happened. The water shut off suddenly. That is when I heard it, the rotted squelching of trench footed rainboots squeaking through the bathroom door, as the elongated shadow of what I could only assume was a little girl wearing a raincoat drifted into my vision. Attached to the long shadow, a small set of boots sat just barely in my peripherals. Every nerve in my body fired simultaneously. Normally, I have a standard procedure for paralysis, breaking free from it was as simple as getting enough momentum out of any one limb to break a spell. But I couldn't move. Like, at all. And then she began walking, slowly down the bedside, the squeak of her boots echoing against the walls, fraying my nerves. And when she arrived at my head, she just stood there. I cant remember exactly, but I believe she smelled of rotting carcass, specifically the smell of venison which filled the air as she got closer. This is where things become the most vivid, as my breathing stopped(potentially fake?), I was overcome with an overwhelming sense of dread as the little girl reached over me, placing her foot atop the mattress and climbing up. I remember the feeling of her slimy, bone like figure, filled out only by the raincoat she was wearing, slide up and around me as her matted hair streaked across my face. The smell of moldy shower drain filled my lungs, stifling me. My fear grew tangible, causing genuine pain to course through me with every firing signal. Like that feeling of pins and needles, times 100, and then she straddled my side, her cold and creepy jagged breaths jetting directly into my ear and crawling down the back of my neck. The next 2 minutes felt as If I was going under anesthesia in my final moments, the lights becoming overwhelmingly bright, everything being drowned out with the sickly sweet scent of silly gas, and my body spastically jerking to attempt to free myself from the spell I can't remember 100%, but she whispered to me, and I think she said “Help me.” That was the last thing I heard before I finally jolted up after what I assume was two entire minutes. I immediately got out of bed and went for a walk down the hall, and for the remainder of my trip, I kept sleeping as a wheelchair only activity. That was the very last time I had sleep paralysis. I know she's not real, and yet I still find myself thinking about her on every odd occasion. I don't believe in the supernatural, I find it silly, and yet my body still fears her. It's like one of those glass bridges. You understand how it works, and why it works, but that doesn't change the fear of falling you get when standing on one. It is extremely hard to put my experience with Raincoat into words. By far one of the most traumatic experiences in my life was also by far one of the most eye opening and confusing. I want to be very clear, I DID NOT SEE RAINCOAT, yet I am 100% sure that I did, and yet when I think back on it, everything is wrong. She had NO COLOR, like she was some sort of pitch black silhouette, and yet I ""remember"" what she looks like, a girl in a yellow raincoat with yellow rain shoes on. Her skin was pale white and her hair was long and matted. She wore a yellow rain hat. I can't tell you why I know these things for certain, and why I'm almost positive of them, but I can at the very least confirm that I never saw her skin, or her hat. The things I genuinely saw were her boots and maybe a bit of the jacket she wore, yet my understanding of what she looks like haunts me. I have never felt that much, smelled that well, or suffered that badly EVER in my life before then, and have not since. Even being awake then, just moments afterwards, that same fear I was feeling not even a second before felt weak in comparison, as if it we're only some interpretation of the real thing. I can only describe it as a poor man would describe being full. Fullness isn't something you can understand unless you've experienced it, and yet once a poor man sits to eat at the rich mans house, he realizes he'd never really felt full before, not really; he just believed that he had. And once the poor man returns to the street, he can never truly feel full again. So this is where I'll end it. I want to move forward with my life, and potentially leave Raincoat behind. What I take from my experience with her is that I am afraid my life serves no greater purpose than to make me feel powerless and afraid, similarly to how Raincoat feels. It sounds silly, but I am wracked with an indescribable amount of existential dread because I unfortunately indulge in one too many “ 50 minutes of philosophy to fall asleep to” videos, so maybe that is the cause. Maybe there is some irony in it, raincoat wasn't powerless from my perspective, but even at my most vulnerable, she asked for my help. Maybe that is my sign to stop worrying about some imaginary comet, rogue black hole, ghost planet, nuclear disaster, super nova or sudden planetary explosion. Maybe it's my mind way of saying that being ""asleep"" isn't so bad. But I'm curious as to what you guys think. I don't know whether or not there is supposed to some sort of takeaway from sleep paralysis, I just can't live fear something that doesn't exist for the rest of my life. Thoughts?",INTRUDER,"The narrative centers on a sensed presence—a little girl in a raincoat—causing fear, with no emphasis on chest pressure or vestibular sensations.",
1ve7mn8,Sleepparalysis,117,"third night in a row :(
I've never had any sleeping related issues before this, but 3 days ago I started experiencing sleep paralysis for the first time. The first night I had a vivid dream of walking underneath a bridge that was closing in on me. I really felt like my chest was being crushed and I was completely paralyzed. yesterday night i just couldn't up my eyes. and tonight I was completely paralyzed again and I started freaking out and hyperventilating. I haven't had any hallucinations or anything during any of these. And each and every time they start soon or literally right after I lay my head on the pillow. what could this mean",1,1785746060.0,"third night in a row :( I've never had any sleeping related issues before this, but 3 days ago I started experiencing sleep paralysis for the first time. The first night I had a vivid dream of walking underneath a bridge that was closing in on me. I really felt like my chest was being crushed and I was completely paralyzed. yesterday night i just couldn't up my eyes. and tonight I was completely paralyzed again and I started freaking out and hyperventilating. I haven't had any hallucinations or anything during any of these. And each and every time they start soon or literally right after I lay my head on the pillow. what could this mean",INCUBUS,The narrative emphasizes chest crushing and difficulty breathing without any sensed presence or movement sensations.,
1vdsycm,Sleepparalysis,171,"sleep paralysis exp??
internet help, just woke up from what i think is a sleep paralysis since i cant move, speak and have trouble breathing but every time i have my eyes open and look around i just drift back to sleep and my dream is the same as my reality, which is me having a sleep paralysis but there are changes like somethings new in my room and i do occasionally see someone but its my roommate or a floating hand. Then i feel like my eyes are half opened again but i still cant move or speak, then i drift back to sleep again, but one time i thought i was awake since i could speak so i got up, tried to turn my light on but then the room started to get blurry and my things was moving in a weird way, then i thought i still wasnt awake.  Idkk what this is 😭😭 its like a sleep paralysis and false awakening both happening at the same time",1,1785703237.0,"sleep paralysis exp?? internet help, just woke up from what i think is a sleep paralysis since i cant move, speak and have trouble breathing but every time i have my eyes open and look around i just drift back to sleep and my dream is the same as my reality, which is me having a sleep paralysis but there are changes like somethings new in my room and i do occasionally see someone but its my roommate or a floating hand. Then i feel like my eyes are half opened again but i still cant move or speak, then i drift back to sleep again, but one time i thought i was awake since i could speak so i got up, tried to turn my light on but then the room started to get blurry and my things was moving in a weird way, then i thought i still wasnt awake. Idkk what this is 😭😭 its like a sleep paralysis and false awakening both happening at the same time",INTRUDER_INCUBUS,"The narrative describes both a sensed presence (roommate/floating hand) and breathing difficulty/chest pressure, with neither element clearly dominating.",
1vdqriy,Sleepparalysis,301,"Did I experience sleep paralysis?
I've never experienced it in my life and am not too familiar with it, what I experienced was unlike any story I'd heard before but the fact I couldn't move makes me think it was infact paralysis. I suspect, it may have been my nicotine patch? 

I'm in the process of quitting smoking and Ive never had any issues with patches before, but I put one on yesterday evening for the first time this week.

It happened before I truly fell asleep, I felt like I was slipping into unconsciousness but a part of my brain was awake throughout the experience, but I couldn't open my eyes, or move my body, I tried to call out to my mother and I felt like breathy sounds were coming out but I couldn't move my mouth and didn't have any kind of energy to make enough sound. I felt panicked because of the sensations.

Idk what I felt first, but I was having in waves these intense all over body tingling and vibrations, like pins and needles everywhere, at the peak of these waves it was felt most intensly in my chest as if my heart was struggling to beat, it was almost painful. I had this loud rumbling sound in my ear but also this ringing that sounded exactly like a finger on the rim of a wine glass. I managed to come to how ever many minutes passed later and I tried to do some research immediately but didn't come up with any sure answer. I tried to fall asleep again and felt slightly the same sensations, but must've fallen asleep at some point. I want to be sure what I felt was sleep paralysis and in that case will be reassessing my use with patches.",1,1785698098.0,"Did I experience sleep paralysis? I've never experienced it in my life and am not too familiar with it, what I experienced was unlike any story I'd heard before but the fact I couldn't move makes me think it was infact paralysis. I suspect, it may have been my nicotine patch? I'm in the process of quitting smoking and Ive never had any issues with patches before, but I put one on yesterday evening for the first time this week. It happened before I truly fell asleep, I felt like I was slipping into unconsciousness but a part of my brain was awake throughout the experience, but I couldn't open my eyes, or move my body, I tried to call out to my mother and I felt like breathy sounds were coming out but I couldn't move my mouth and didn't have any kind of energy to make enough sound. I felt panicked because of the sensations. Idk what I felt first, but I was having in waves these intense all over body tingling and vibrations, like pins and needles everywhere, at the peak of these waves it was felt most intensly in my chest as if my heart was struggling to beat, it was almost painful. I had this loud rumbling sound in my ear but also this ringing that sounded exactly like a finger on the rim of a wine glass. I managed to come to how ever many minutes passed later and I tried to do some research immediately but didn't come up with any sure answer. I tried to fall asleep again and felt slightly the same sensations, but must've fallen asleep at some point. I want to be sure what I felt was sleep paralysis and in that case will be reassessing my use with patches.",INCUBUS,"The narrative emphasizes chest pressure, difficulty breathing, and a painful feeling in the chest, without any sensed intruder or movement sensations.",
1vdqqa6,Sleepparalysis,152,"Heavy auditory hallucinations of someone in my house
Fell back asleep for a bit this morning and heard footsteps/door creaking around my house that ""woke me up"" (sent me into light paralysis) and it was actually terrifying. I live alone and thought \*\*for sure\*\* that someone had broken in and was checking all of the rooms. 

Tried holding my breath, which usually snaps me out of it, but couldn't. At one point I was mentally straining to move, get up, and get to my pistol in my side table, but I was totally locked down. Eventually I was able to wake up a bit more and saw my cat sleeping across the room. She would have been freaking out if someone was in the house so that made me feel a lot better. 

Needless to say, I got out of bed after that lol. Any of y'all get hyper realistic auditory hallucinations?",5,1785698018.0,"Heavy auditory hallucinations of someone in my house Fell back asleep for a bit this morning and heard footsteps/door creaking around my house that ""woke me up"" (sent me into light paralysis) and it was actually terrifying. I live alone and thought \*\*for sure\*\* that someone had broken in and was checking all of the rooms. Tried holding my breath, which usually snaps me out of it, but couldn't. At one point I was mentally straining to move, get up, and get to my pistol in my side table, but I was totally locked down. Eventually I was able to wake up a bit more and saw my cat sleeping across the room. She would have been freaking out if someone was in the house so that made me feel a lot better. Needless to say, I got out of bed after that lol. Any of y'all get hyper realistic auditory hallucinations?",INTRUDER,"The narrative focuses on hearing footsteps and a door creak, leading the person to fear an intruder in the house, with no chest pressure or vestibular sensations described.",
1vdq6pk,Sleepparalysis,388,"Sleep deprived → loud high-frequency buzzing, body vibrations and geometric patterns
The last couple of nights I was a bit sleep deprived, so I went to sleep with a podcast on like I usually do.

Within minutes I slipped into a very different state of mind.

The onset was the strangest part. It felt like I was suddenly being ""launched"" into another state of consciousness. At the same time I started hearing an extremely loud electronic/frequency-like buzzing in my ears. The sound was so loud that I genuinely thought I might go deaf.

But because of my fascination with these kinds of states, and probably my meditation practice, my instinct was to let it take over rather than resist it.

I then started feeling vibrations spreading through my body. Very quickly they seemed to fill my entire body and being. Around the same time I began seeing geometric patterns—not incredibly vivid, but definitely there.

The previous night I had a very vivid lucid dream, but this time there wasn't really a dream at all. I remained aware throughout the whole experience.

Because of meditation, my instinct was to relax into the experience instead of reacting to it, and it seemed to intensify until I eventually came out of it.

Interestingly, by morning I had one of the most vivid lucid dreams I've ever had.

I'm not trying to claim this was anything supernatural. My current guess is that it was some form of hypnagogia made more noticeable by meditation and a bit of sleep deprivation.

I do have a history of sleep paralysis if I don't get enough sleep for 3–4 days in a row, but those experiences have never been like this. They're usually characterized by me noticing sleep paralysis coming on, followed by blurry voices and a strong pressure/compression in my head. If I catch it early enough I can usually jerk myself out of it, or sometimes relax through it using progressive relaxation.

My questions are:

How would you best understand this? Does it sound like sleep paralysis, hypnagogia, a meditation-related state, or some combination of them?  
Has anyone experienced something similar?  
If these states are real possibilities, is there a way to intentionally cultivate them, or are they mostly a byproduct of sleep deprivation?

I'd really appreciate hearing your thoughts and experiences. Thank you.",3,1785696760.0,"Sleep deprived → loud high-frequency buzzing, body vibrations and geometric patterns The last couple of nights I was a bit sleep deprived, so I went to sleep with a podcast on like I usually do. Within minutes I slipped into a very different state of mind. The onset was the strangest part. It felt like I was suddenly being ""launched"" into another state of consciousness. At the same time I started hearing an extremely loud electronic/frequency-like buzzing in my ears. The sound was so loud that I genuinely thought I might go deaf. But because of my fascination with these kinds of states, and probably my meditation practice, my instinct was to let it take over rather than resist it. I then started feeling vibrations spreading through my body. Very quickly they seemed to fill my entire body and being. Around the same time I began seeing geometric patterns—not incredibly vivid, but definitely there. The previous night I had a very vivid lucid dream, but this time there wasn't really a dream at all. I remained aware throughout the whole experience. Because of meditation, my instinct was to relax into the experience instead of reacting to it, and it seemed to intensify until I eventually came out of it. Interestingly, by morning I had one of the most vivid lucid dreams I've ever had. I'm not trying to claim this was anything supernatural. My current guess is that it was some form of hypnagogia made more noticeable by meditation and a bit of sleep deprivation. I do have a history of sleep paralysis if I don't get enough sleep for 3–4 days in a row, but those experiences have never been like this. They're usually characterized by me noticing sleep paralysis coming on, followed by blurry voices and a strong pressure/compression in my head. If I catch it early enough I can usually jerk myself out of it, or sometimes relax through it using progressive relaxation. My questions are: How would you best understand this? Does it sound like sleep paralysis, hypnagogia, a meditation-related state, or some combination of them? Has anyone experienced something similar? If these states are real possibilities, is there a way to intentionally cultivate them, or are they mostly a byproduct of sleep deprivation? I'd really appreciate hearing your thoughts and experiences. Thank you.",OTHER,"The narrative focuses on auditory buzzing, whole-body vibrations, and visual patterns without a sensed presence, chest pressure, or movement sensations.",Auditory/Vibrational
1vdorlm,Sleepparalysis,133,"Sleep paralysis like an acid trip
I really don't know what else to call this other than sleep paralysis because it happened after I fell half asleep and it genuinely felt like I had been dosed with acid. I felt this super intense feeling in my body like tingling and it was especially intense in my ears. I was seeing and hearing all sorts of indescribable things and it was just bizzare. My thoughts became unhinged and strange. And everything was all jumbled up. At one point I remember seeing this multi-sided face moving in my blanket. It was like something you'd see out of a DMT trip. I felt this intense rocking sensation like my bed was rocking back and fourth and eventually it felt like I was floating through the air.",3,1785693509.0,Sleep paralysis like an acid trip I really don't know what else to call this other than sleep paralysis because it happened after I fell half asleep and it genuinely felt like I had been dosed with acid. I felt this super intense feeling in my body like tingling and it was especially intense in my ears. I was seeing and hearing all sorts of indescribable things and it was just bizzare. My thoughts became unhinged and strange. And everything was all jumbled up. At one point I remember seeing this multi-sided face moving in my blanket. It was like something you'd see out of a DMT trip. I felt this intense rocking sensation like my bed was rocking back and fourth and eventually it felt like I was floating through the air.,VESTIBULAR_MOTOR,"The narrative focuses on rocking, floating, and movement sensations rather than a clear intruder or chest pressure",
1vdngwb,Sleepparalysis,347,"First hallucination in years
I'm mostly writing this to keep myself from falling back asleep and document while it's still fresh. I started having sleep paralysis when I was about 12 with pretty intense hallucinations, which stopped when I was around 14. I still had paralysis but had figured out the signs of when it was about to happen and was able to keep myself calm and just fall back asleep. 

Today I woke up pretty early and fell back asleep later in the morning. I had a cycle of dreams where I was having tense conversations/arguments with everyone I'm close to. I don't remember them all super clearly, but the arguments I do remember sounded like ones that have already happened or made sense to happen between that specific person and me. The last one was of me and my sister arguing with my mom in the car. I then realized I was dreaming and started panicking but was still playing along, and then my Mom started to stretch her face in a way that wasn't human. It looked kind of like the monsters from the live-action Scooby Doo when they'd possess someone. 

I told her, ""I want to wake up,"" and then everything went dark, and I realized I was paralyzed. I freaked out and started trying to move instead of calming myself down. I opened my eyes for some reason, which I never do because I know I won't like what I see, and saw a figure posted up between my ceiling and wall, Spider-Man style. I tried to fall back asleep, but then I heard a really deep voice telling me it had been watching my dreams and that it was going to ruin all my relationships because it now knew the pressure points of my friends and family. That's not verbatim, but the gist. It was all just strange and not like any I've had before. It's weird to me that it's the first I've had in five years, but weirder that it's the only one where anything has spoken to me.",1,1785690427.0,"First hallucination in years I'm mostly writing this to keep myself from falling back asleep and document while it's still fresh. I started having sleep paralysis when I was about 12 with pretty intense hallucinations, which stopped when I was around 14. I still had paralysis but had figured out the signs of when it was about to happen and was able to keep myself calm and just fall back asleep. Today I woke up pretty early and fell back asleep later in the morning. I had a cycle of dreams where I was having tense conversations/arguments with everyone I'm close to. I don't remember them all super clearly, but the arguments I do remember sounded like ones that have already happened or made sense to happen between that specific person and me. The last one was of me and my sister arguing with my mom in the car. I then realized I was dreaming and started panicking but was still playing along, and then my Mom started to stretch her face in a way that wasn't human. It looked kind of like the monsters from the live-action Scooby Doo when they'd possess someone. I told her, ""I want to wake up,"" and then everything went dark, and I realized I was paralyzed. I freaked out and started trying to move instead of calming myself down. I opened my eyes for some reason, which I never do because I know I won't like what I see, and saw a figure posted up between my ceiling and wall, Spider-Man style. I tried to fall back asleep, but then I heard a really deep voice telling me it had been watching my dreams and that it was going to ruin all my relationships because it now knew the pressure points of my friends and family. That's not verbatim, but the gist. It was all just strange and not like any I've had before. It's weird to me that it's the first I've had in five years, but weirder that it's the only one where anything has spoken to me.",INTRUDER,"The narrative focuses on a sensed presence and a speaking entity, with fear stemming from the figure and voice rather than chest pressure or movement.",
1vdmb9r,Sleepparalysis,71,"I had my first sleep paralysis when I was 15 and I haven't gotten it since
It was scary some black figure climbed on my chest, I could feel the fan moving my blanket but I couldn't move my feet but I low-key enjoyed it like an irl horror movie. I don't know if this is the right place to ask but is there a way to get sleep paralysis again?",4,1785687651.0,"I had my first sleep paralysis when I was 15 and I haven't gotten it since It was scary some black figure climbed on my chest, I could feel the fan moving my blanket but I couldn't move my feet but I low-key enjoyed it like an irl horror movie. I don't know if this is the right place to ask but is there a way to get sleep paralysis again?",INTRUDER_INCUBUS,"The narrative describes both a black figure (intruder) and chest pressure from it, making both elements central.",
1vdk4xo,Sleepparalysis,124,"Sleep paralysis?
Hi all! I’ve never had the sleep paralysis that causes you to have these insane nightmares/hallucinations, however something weird has been going on and I’m not sure if it’s SP or something different. I will “wake up” for what feels like 30 minutes to an hour, but be so tired I’m unable to move my body, open my eyes, or talk. The only thing that makes my body fully wake up is someone touching me - but it is extremely hard for me to verbalize that I need to be touched. Once my skin is rubbed for a minute I’m able to fully wake up, open my eyes and sit up and not feel super tired anymore. Anyone know what’s going on?",1,1785682468.0,"Sleep paralysis? Hi all! I’ve never had the sleep paralysis that causes you to have these insane nightmares/hallucinations, however something weird has been going on and I’m not sure if it’s SP or something different. I will “wake up” for what feels like 30 minutes to an hour, but be so tired I’m unable to move my body, open my eyes, or talk. The only thing that makes my body fully wake up is someone touching me - but it is extremely hard for me to verbalize that I need to be touched. Once my skin is rubbed for a minute I’m able to fully wake up, open my eyes and sit up and not feel super tired anymore. Anyone know what’s going on?",OTHER,"The narrative describes prolonged immobility without any sensed presence, chest pressure, or movement sensations, so it does not fit the other categories.",Vague/Unclear
1vdfsiv,Sleepparalysis,224,"strong vibrating/buzzing sensation
I've (17F) never experienced SP before, so I'm still kinda confused by all this.

Yesterday I was napping on the couch but, due to daytime conditions making it difficult to sleep properly, I'd often wake up into a semi-awake state just to then fall back asleep again.

During one of those awakenings I got struck by a strong, buzzing sensation. It washed all over me, coupled with a loud ringing in my ears. I attempted to move, but couldn't. Despite my panic, I suddenly fell back sleep again not long after.

Soon I woke up into the same state as earlier-- vibrating body, ringing ears and unable to move. Same as before, my eyes closed shut and I fell asleep just mere seconds later.

The third time I seemingly ""woke up"" (it later turned out to be a false awkening), I was finally free from all weird bodily sensations and able to move around. I got up from the couch, but soon after I snapped out of the dream and actually woke up for real. 

I'm still not sure if what I experienced wasn't just some sick dream. What's the likelihood of this occurring again? I'm just glad I was lying on my side facing the wall, because I would've definitely freaked out had I seen something I shouldn't have 😭",6,1785670562.0,"strong vibrating/buzzing sensation I've (17F) never experienced SP before, so I'm still kinda confused by all this. Yesterday I was napping on the couch but, due to daytime conditions making it difficult to sleep properly, I'd often wake up into a semi-awake state just to then fall back asleep again. During one of those awakenings I got struck by a strong, buzzing sensation. It washed all over me, coupled with a loud ringing in my ears. I attempted to move, but couldn't. Despite my panic, I suddenly fell back sleep again not long after. Soon I woke up into the same state as earlier-- vibrating body, ringing ears and unable to move. Same as before, my eyes closed shut and I fell asleep just mere seconds later. The third time I seemingly ""woke up"" (it later turned out to be a false awkening), I was finally free from all weird bodily sensations and able to move around. I got up from the couch, but soon after I snapped out of the dream and actually woke up for real. I'm still not sure if what I experienced wasn't just some sick dream. What's the likelihood of this occurring again? I'm just glad I was lying on my side facing the wall, because I would've definitely freaked out had I seen something I shouldn't have 😭",OTHER,"The narrative describes pervasive buzzing and ringing sensations with immobility, without mention of a presence, chest pressure, or movement sensations.",Auditory/Vibrational
1vde1w6,Sleepparalysis,68,"How many of you have positive sleep paralysis experiences?
I've only had 4 in my life of which 2 were scary, 2 were nice.

Like once a cat just jumped on my bed and purred (but when i could move again there was no cat)

Last night a lady was caressing my cheek and hair, it was a bit scary but the entity felt sweet and well intentioned.",5,1785664666.0,"How many of you have positive sleep paralysis experiences? I've only had 4 in my life of which 2 were scary, 2 were nice. Like once a cat just jumped on my bed and purred (but when i could move again there was no cat) Last night a lady was caressing my cheek and hair, it was a bit scary but the entity felt sweet and well intentioned.",INTRUDER,"The narrative focuses on sensed entities (cat, lady) interacting with the sleeper, with no chest pressure or movement sensations.",
1vd7xba,Sleepparalysis,163,"Imagined an alien walking in a imagined mirror
Really weird one. I had a typical long armed bipedal alien walking on the far side of my bed. My bed had a second blanket bunched up so I couldn’t see the far side. Instead I saw the alien, and my bed in a hallucination of a round mirror in the upper corner of my room, like stores have on the ceiling. I saw the alien walking from the base of my bed to the top. I also somehow imagined enough light to actually see my bed and the alien perfectly clear as if the lights were on. I intentionally used the mirror as I did not want the alien to know I was awake observing it. Later in the night I also hallucinated a woman with short dirty blonde hair standing over my bed looking down at me. I wasn’t scared in either instance though. Very odd that I could imagine an entire reflection.",1,1785643928.0,"Imagined an alien walking in a imagined mirror Really weird one. I had a typical long armed bipedal alien walking on the far side of my bed. My bed had a second blanket bunched up so I couldn’t see the far side. Instead I saw the alien, and my bed in a hallucination of a round mirror in the upper corner of my room, like stores have on the ceiling. I saw the alien walking from the base of my bed to the top. I also somehow imagined enough light to actually see my bed and the alien perfectly clear as if the lights were on. I intentionally used the mirror as I did not want the alien to know I was awake observing it. Later in the night I also hallucinated a woman with short dirty blonde hair standing over my bed looking down at me. I wasn’t scared in either instance though. Very odd that I could imagine an entire reflection.",INTRUDER,"The narrative focuses on visual hallucinations of alien and woman presences in the room, fitting the intruder theme.",
1vd719m,Sleepparalysis,217,"looking for answers please help
So I M(24) finally was able to quit marijuana I am on day 8 of quitting I know doesn't seem very long but my world record is 10 days, and for the first time ever I experienced what i believe to be sleep paralysis. This morning I woke up about 2 hours before needing to get up for work and once i re awoke I found myself completely unable to move and almost tense I swear it almost felt as if a nuclear bomb went off and I was being hit with a wave of radiation I felt like I was being held down and unable to move against my will but i almost couldn't tell if it was my dream because I recollect the light flicker in pitch black but it wasn't giving off light it was giving off the opposite like more darkness in an already blacked out room. I'm scared to try and sleep again and this is unlike my withdrawal symptoms from weed as I have been getting great sleep and almost no insomnia I find myself more tired during the day but nothing like this does anyone have any similar experiences or stories I think it might help to know if anyone else is out there struggling.",1,1785641212.0,"looking for answers please help So I M(24) finally was able to quit marijuana I am on day 8 of quitting I know doesn't seem very long but my world record is 10 days, and for the first time ever I experienced what i believe to be sleep paralysis. This morning I woke up about 2 hours before needing to get up for work and once i re awoke I found myself completely unable to move and almost tense I swear it almost felt as if a nuclear bomb went off and I was being hit with a wave of radiation I felt like I was being held down and unable to move against my will but i almost couldn't tell if it was my dream because I recollect the light flicker in pitch black but it wasn't giving off light it was giving off the opposite like more darkness in an already blacked out room. I'm scared to try and sleep again and this is unlike my withdrawal symptoms from weed as I have been getting great sleep and almost no insomnia I find myself more tired during the day but nothing like this does anyone have any similar experiences or stories I think it might help to know if anyone else is out there struggling.",INCUBUS,"The narrative focuses on being immobilized and feeling a heavy, oppressive pressure rather than a sensed intruder or movement sensations.",
1vd1f0k,Sleepparalysis,113,"Attacked in the night
I used to think this was all in my head but now it’s becoming evident that it’s real. I get attacked by some really dark energy in the night. Especially on full moon nights. And sometimes the attacks are like physical or sexual assault. The other day I literally knew that it had entered my room. One day I saw it hug me tightly in the night. It suffocates me. This has been happening since childhood. Been over a decade. First it was sleep paralysis, now it’s proper sexual assault. I have also woken up with some bruises on my arms and legs. How to free myself from this",0,1785625184.0,"Attacked in the night I used to think this was all in my head but now it’s becoming evident that it’s real. I get attacked by some really dark energy in the night. Especially on full moon nights. And sometimes the attacks are like physical or sexual assault. The other day I literally knew that it had entered my room. One day I saw it hug me tightly in the night. It suffocates me. This has been happening since childhood. Been over a decade. First it was sleep paralysis, now it’s proper sexual assault. I have also woken up with some bruises on my arms and legs. How to free myself from this",INCUBUS,"The narrative focuses on suffocation, chest pressure and being tightly hugged, indicating a dominant incubus experience despite the presence of a dark entity.",
1vcts6p,Sleepparalysis,131,"Second time woke up panicking but wasn’t “awake”
hey,

I’m not sure this is the right place, please be kind.

 last night i slept on my arm and my body was awoken by the fact that the entire limb went numb. my body woke up and i sat up in bed and began screaming, for about 30 seconds i was so so certain i had lost my arm entirely, and then it seemed my mind woke up. 

by then i was in a cold sweat and it me a while to breathe normally until the sensation in my arm returned. 

this is the second time this happened, this was much more intense than time and it shook me 

just wanted to share and know if anyone has been through anything similar",4,1785606495.0,"Second time woke up panicking but wasn’t “awake” hey, I’m not sure this is the right place, please be kind. last night i slept on my arm and my body was awoken by the fact that the entire limb went numb. my body woke up and i sat up in bed and began screaming, for about 30 seconds i was so so certain i had lost my arm entirely, and then it seemed my mind woke up. by then i was in a cold sweat and it me a while to breathe normally until the sensation in my arm returned. this is the second time this happened, this was much more intense than time and it shook me just wanted to share and know if anyone has been through anything similar",OTHER,"The narrative focuses on limb numbness and fear of losing an arm, without a sensed intruder, chest pressure, or vestibular/motor sensations.",Vague/Unclear
1vcrses,Sleepparalysis,133,"Got some balding entity for free lol
So i had a sleep paralysis 
Usually force myself to wake up, before a sleep paralysis entity appears. But then i thought, i had plenty of paralysis and there was never any entity
So i forced myself through thick air and moved around. I saw a woman in a door, tried to chase her, but she dissolved. Then i touched my shadow and felt someone else in it. I pulled out a 3 metre tall unconscious balding dude. Then i tried to pull another dude, but they're out of dudes. So i wake up.

To be clear, nothing spiritual here, i just find my dream funny. The lesson is, if you have sleep paralysis, try to stay calm, gather intelligence, and forcefully befriend whatever you meet.",3,1785601670.0,"Got some balding entity for free lol So i had a sleep paralysis Usually force myself to wake up, before a sleep paralysis entity appears. But then i thought, i had plenty of paralysis and there was never any entity So i forced myself through thick air and moved around. I saw a woman in a door, tried to chase her, but she dissolved. Then i touched my shadow and felt someone else in it. I pulled out a 3 metre tall unconscious balding dude. Then i tried to pull another dude, but they're out of dudes. So i wake up. To be clear, nothing spiritual here, i just find my dream funny. The lesson is, if you have sleep paralysis, try to stay calm, gather intelligence, and forcefully befriend whatever you meet.",INTRUDER,"The narrative focuses on seeing and interacting with entities (woman, balding figure) rather than chest pressure or movement sensations.",
1vcp6dn,Sleepparalysis,167,"Parasomnia
Guys last night something weird happened with me last night I am sleeping alone in my room and my room was lock so no-one will be come in my room. So then today I wake up and going to call my friend with my mobile and suddenly I see there I call my ex girlfriend last night at 3:24 AM I was shocked i don't know who did this because I don't have any memory of this thing that I do last night and when I check my digital wellbeing is see there I open my contact and dialer for last 19 minutes I don't know what happend to me. There will no chance that I call her mistakenly cus my mobile was locked and i didn't give any special time or something for it plus i don't call her recently so how exactly this happened too me please anyone can tell me why this weird thing happened with me or someone suffered this please tell....",0,1785595287.0,Parasomnia Guys last night something weird happened with me last night I am sleeping alone in my room and my room was lock so no-one will be come in my room. So then today I wake up and going to call my friend with my mobile and suddenly I see there I call my ex girlfriend last night at 3:24 AM I was shocked i don't know who did this because I don't have any memory of this thing that I do last night and when I check my digital wellbeing is see there I open my contact and dialer for last 19 minutes I don't know what happend to me. There will no chance that I call her mistakenly cus my mobile was locked and i didn't give any special time or something for it plus i don't call her recently so how exactly this happened too me please anyone can tell me why this weird thing happened with me or someone suffered this please tell....,OTHER,"The narrative focuses on unexplained phone activity and memory loss without any mention of a sensed presence, chest pressure, or movement sensations.",Vague/Unclear
1vckr38,Sleepparalysis,276,"Sleep paralysis or something else?
4 weeks ago I had a traumatic birth. That night every time I would try to fall asleep my chest felt like it was sinking &amp; id snap back awake as if I couldn’t breath. Then I fell asleep &amp; had a weird experience of floating above the hospital bed went around the room then suddenly came back down &amp; woke up. It felt so unbelievably real &amp; terrified me. 

Right now I had the same thing everytime I’d try to sleep, sinking chest &amp; air hunger would snap my awake. Eventually I fell asleep &amp; was “dreaming” a black figure of a woman came in my room, sat on my bed to check my pulse, I couldn’t see her face but I knew she looked at me concerned, I could feel my heart rate increasing, chest pressure, then go light headed as if passing out &amp; started floating above my bed. In this “dream” I felt so much fear. I was trying to grab onto the bed to pull myself back down but couldn’t &amp; shake / scream for my partner to wake up for help but couldn’t. I then woke up &amp; my legs were tingling &amp; felt numb. I didn’t see myself in 3rd person so I’m not convinced it’s astral projection. I was literally levitating like a magnet was pulling me. I don’t know if my eyes were open. This whole thing lasted 10 mins I only know that coz I fell asleep watching something. 

I’ve never in my life experienced anything like this until I had that traumatic birth. 

Is this sleep paralysis or something else?",1,1785583273.0,"Sleep paralysis or something else? 4 weeks ago I had a traumatic birth. That night every time I would try to fall asleep my chest felt like it was sinking &amp; id snap back awake as if I couldn’t breath. Then I fell asleep &amp; had a weird experience of floating above the hospital bed went around the room then suddenly came back down &amp; woke up. It felt so unbelievably real &amp; terrified me. Right now I had the same thing everytime I’d try to sleep, sinking chest &amp; air hunger would snap my awake. Eventually I fell asleep &amp; was “dreaming” a black figure of a woman came in my room, sat on my bed to check my pulse, I couldn’t see her face but I knew she looked at me concerned, I could feel my heart rate increasing, chest pressure, then go light headed as if passing out &amp; started floating above my bed. In this “dream” I felt so much fear. I was trying to grab onto the bed to pull myself back down but couldn’t &amp; shake / scream for my partner to wake up for help but couldn’t. I then woke up &amp; my legs were tingling &amp; felt numb. I didn’t see myself in 3rd person so I’m not convinced it’s astral projection. I was literally levitating like a magnet was pulling me. I don’t know if my eyes were open. This whole thing lasted 10 mins I only know that coz I fell asleep watching something. I’ve never in my life experienced anything like this until I had that traumatic birth. Is this sleep paralysis or something else?",INTRUDER_INCUBUS,"The narrative emphasizes both a sensed threatening figure and repeated chest pressure/breathing difficulty, making both intruder and incubus elements central.",
1vckq0d,Sleepparalysis,290,"What's happening to me?
Hello so I've had this sleep issue for about 1-2 years or so and I haven't been able to figure it out yet. I asked on a few sleep related communities but so far no answers.

 I can't go to professionals yet because of my work schedule and not be able to for about another year if I'll need to stay longer in a clinic or something.

It seems like it's happening either right when I fall asleep or right when I enter REM sleep.

It feels like a dream so I'll describe it as such. I always ""wake up"" wherever I fell asleep with whoever is in the room with me still there, in reality they're usually sleeping but in those dreams they're always awake. But I always ""wake up"" to a state of paralysis, not being able to move much and just humm instead of speaking, after a bit I can move slightly and still just humm but still can't talk and not move fully while having sort of muscle spasms or seizures, the person with me in the room is always awake and they either ignore me completely or laugh at me and deny or mock my request for help. Then I usually go to a full seizure-like state as I'm trying harder to wake up and then I finally actually wake up breathing rapidly with drool all over my hand and chin/cheek.

It sounds a bit funny when I'm recalling it or telling someone but in those moments it's horrifying. this happens about once a week, sometimes less sometimes more but usually about once a week, it's been over 2-maybe 3 years, I always remember them fully too.

Thanks for any insights",1,1785583174.0,"What's happening to me? Hello so I've had this sleep issue for about 1-2 years or so and I haven't been able to figure it out yet. I asked on a few sleep related communities but so far no answers. I can't go to professionals yet because of my work schedule and not be able to for about another year if I'll need to stay longer in a clinic or something. It seems like it's happening either right when I fall asleep or right when I enter REM sleep. It feels like a dream so I'll describe it as such. I always ""wake up"" wherever I fell asleep with whoever is in the room with me still there, in reality they're usually sleeping but in those dreams they're always awake. But I always ""wake up"" to a state of paralysis, not being able to move much and just humm instead of speaking, after a bit I can move slightly and still just humm but still can't talk and not move fully while having sort of muscle spasms or seizures, the person with me in the room is always awake and they either ignore me completely or laugh at me and deny or mock my request for help. Then I usually go to a full seizure-like state as I'm trying harder to wake up and then I finally actually wake up breathing rapidly with drool all over my hand and chin/cheek. It sounds a bit funny when I'm recalling it or telling someone but in those moments it's horrifying. this happens about once a week, sometimes less sometimes more but usually about once a week, it's been over 2-maybe 3 years, I always remember them fully too. Thanks for any insights",INTRUDER,The narrative centers on a sensed presence of another person in the room who mocks and ignores the sufferer during paralysis,
1vchuto,Sleepparalysis,84,"Sleep paralysis only during naps
Hello. So i have had sleep paralysis for going on 10 years. It used to be random at night. I would get the "" full body buzzing"" feeling before so I knew I was about to go into it. I also only ever had physical hallucinations. Like being grabbed and lifed off the bed. But recently, I only get sleep paralysis if I take a nap.. never at night. Only if I nap. Does anyone else have that issue?",3,1785573443.0,"Sleep paralysis only during naps Hello. So i have had sleep paralysis for going on 10 years. It used to be random at night. I would get the "" full body buzzing"" feeling before so I knew I was about to go into it. I also only ever had physical hallucinations. Like being grabbed and lifed off the bed. But recently, I only get sleep paralysis if I take a nap.. never at night. Only if I nap. Does anyone else have that issue?",VESTIBULAR_MOTOR,"The narrative emphasizes being grabbed and lifted off the bed, a floating/out-of-body sensation, without mention of an intruder or chest pressure.",
1vc4v92,Sleepparalysis,108,"why i see my older sister in my rare sleep paralysis?
so last summer out of nowhere i had sleep paralysis and in there the damn monster/slender being reminded me of my older sister....

I wasn't scared .... for me aome reason even though I felt like cold sweat panicking but at rhe same timw I was like ""why the fuck her?????"" ans ahe stoo like slenderman ans it was wearing her clothws and BESIDES my bad. then it happened again a week later. then it stopped and ir started again this summer....... ans now I live with her..........

(im 20.. a girl, mental health? its shit 🙃)",1,1785535599.0,"why i see my older sister in my rare sleep paralysis? so last summer out of nowhere i had sleep paralysis and in there the damn monster/slender being reminded me of my older sister.... I wasn't scared .... for me aome reason even though I felt like cold sweat panicking but at rhe same timw I was like ""why the fuck her?????"" ans ahe stoo like slenderman ans it was wearing her clothws and BESIDES my bad. then it happened again a week later. then it stopped and ir started again this summer....... ans now I live with her.......... (im 20.. a girl, mental health? its shit 🙃)",INTRUDER,"The narrative focuses on seeing a person-like entity (sister) in the room, emphasizing the sensed presence rather than chest pressure or movement.",
1vc2gve,Sleepparalysis,40,"Voice told me when I'll die
as I was drifting off to sleep a voice said I will die next week. The I dreamt of my dead aunt who was sitting there waiting for me. Has this happened to anyone?",2,1785530001.0,Voice told me when I'll die as I was drifting off to sleep a voice said I will die next week. The I dreamt of my dead aunt who was sitting there waiting for me. Has this happened to anyone?,INTRUDER,"The narrative focuses on hearing a voice and seeing a dead relative as a presence, with fear about the message, fitting the intruder theme.",
1vc0sf2,Sleepparalysis,353,"i’m at a loss and want any suggestions available
for context i have been having sleep paralysis for years and it’s been really bad recently 

like ive been able to fall asleep more than before but just this last night i tried to go to bed at 12 and i couldn’t actually get deep sleep until like 8 or 9am….

i just kept going into rem sleep and my brain wouldn’t go into deep sleep

my experience is a little odd though as i have lucid trauma-related nightmares before the sleep paralysis and have been and tried quite literally everything i can find anywhere to help it

i’ve been to sleep doctors, done sleep studies, put on medications, and so on, to no avail

the doctors don’t even know how to help because the cause of it is still unknown

at this point my only theory is it’s trauma based considering i do have DID (dissociative identity disorder) and every method i can find to help with it doesn’t address anything trauma related

i’m on medications to help with the nightmares but the paralysis is always there

the only thing i’ve found that helps most frequently is marijuana unfortunately 

for whatever reason i can actually sleep most of the time when i take it instead of getting sleep paralysis

and yet i still have occasions where i just cannot sleep at all because my body won’t go past rem sleep

i don’t really want to rely on marijuana for resolving those issues but i honestly can’t find anything else that has helped even remotely close to the degree it does

if anyone has any suggestions that aren’t commonly known i would appreciate it a LOT

i know all about reducing the likelihood of it and i follow every single thing every online source tells you to prevent it and it’s done absolutely nothing

i try to cope with it but i still cry because of how awful it is

sooooo yeah… sorry this is a long post but if you do end up reading it and having a suggestion, thank you so much",1,1785526237.0,"i’m at a loss and want any suggestions available for context i have been having sleep paralysis for years and it’s been really bad recently like ive been able to fall asleep more than before but just this last night i tried to go to bed at 12 and i couldn’t actually get deep sleep until like 8 or 9am…. i just kept going into rem sleep and my brain wouldn’t go into deep sleep my experience is a little odd though as i have lucid trauma-related nightmares before the sleep paralysis and have been and tried quite literally everything i can find anywhere to help it i’ve been to sleep doctors, done sleep studies, put on medications, and so on, to no avail the doctors don’t even know how to help because the cause of it is still unknown at this point my only theory is it’s trauma based considering i do have DID (dissociative identity disorder) and every method i can find to help with it doesn’t address anything trauma related i’m on medications to help with the nightmares but the paralysis is always there the only thing i’ve found that helps most frequently is marijuana unfortunately for whatever reason i can actually sleep most of the time when i take it instead of getting sleep paralysis and yet i still have occasions where i just cannot sleep at all because my body won’t go past rem sleep i don’t really want to rely on marijuana for resolving those issues but i honestly can’t find anything else that has helped even remotely close to the degree it does if anyone has any suggestions that aren’t commonly known i would appreciate it a LOT i know all about reducing the likelihood of it and i follow every single thing every online source tells you to prevent it and it’s done absolutely nothing i try to cope with it but i still cry because of how awful it is sooooo yeah… sorry this is a long post but if you do end up reading it and having a suggestion, thank you so much",OTHER,"The narrative focuses on asking for help and general sleep issues without describing a specific intruder, chest pressure, or vestibular experience.",Vague/Unclear
1vbvc8b,Sleepparalysis,139,"Every night since age 7
U read the title. To say the least, I (26,F) am depleted. I can’t fall asleep on my own, I must be dead tired and just… crash to get a “full” nights rest. 

I’ve experienced everything you have heard about sleep paralysis. 

Why do I get the feeling the sleep paralysis experience that has plagued me for so long wants me to just overcome something or overcome it? 

The fear, rejection, and panic of it all seems to be self created from my cptsd and chronic anxiety (which I do take Prozac for) 

Idk I’m going to try something I never have, and that is ….not fighting it when it comes again which I’m sure it will tonight. What’s the worst that can happen ?

Does anyone do this ? What’s your input ?",3,1785514265.0,"Every night since age 7 U read the title. To say the least, I (26,F) am depleted. I can’t fall asleep on my own, I must be dead tired and just… crash to get a “full” nights rest. I’ve experienced everything you have heard about sleep paralysis. Why do I get the feeling the sleep paralysis experience that has plagued me for so long wants me to just overcome something or overcome it? The fear, rejection, and panic of it all seems to be self created from my cptsd and chronic anxiety (which I do take Prozac for) Idk I’m going to try something I never have, and that is ….not fighting it when it comes again which I’m sure it will tonight. What’s the worst that can happen ? Does anyone do this ? What’s your input ?",OTHER,"The narrative lacks specific intruder, chest pressure, or vestibular details and focuses on general fear and seeking advice",Vague/Unclear
1vbssua,Sleepparalysis,147,"I was the one who the sleep paralysis demon.
It happened to me twice. Both times, I was the demon.

The first time, I was glued to the ceiling, looking at my body in bed. (Actually, my body in bed was also seeing my body in the ceiling.)

My body in bed was trying to move, and my body glued to the ceiling was trying to descend (yes, I was in two places at once).

Then I fell from the ceiling. And I woke up in the same position I had seen from above, with the bed bouncing slightly.

This time I was looking at my body in bed from the doorway and from the bed, I was watching my body in the doorway. (Yes, I was in two places at once again.)

Then I slowly walked up to the bed and lay down on my body.",2,1785508724.0,"I was the one who the sleep paralysis demon. It happened to me twice. Both times, I was the demon. The first time, I was glued to the ceiling, looking at my body in bed. (Actually, my body in bed was also seeing my body in the ceiling.) My body in bed was trying to move, and my body glued to the ceiling was trying to descend (yes, I was in two places at once). Then I fell from the ceiling. And I woke up in the same position I had seen from above, with the bed bouncing slightly. This time I was looking at my body in bed from the doorway and from the bed, I was watching my body in the doorway. (Yes, I was in two places at once again.) Then I slowly walked up to the bed and lay down on my body.",VESTIBULAR_MOTOR,"The narrative focuses on floating, out-of-body movement and changing positions rather than a sensed intruder or chest pressure",
1vbmsyj,Sleepparalysis,85,"it ain’t all that scary…
Ive had over 100 episodes of sleep paralysis approximately. I could get 5 times per that night. some would talk, others would also stand there, others would move very rapidly and whatnot. I’ve had many close encounters and btw they reek of rotten sardines, extremely bad. sometimes they would join me in my bed, wrap their hands on me sometimes very tight. I will often share my experiences and what I do every time . this is my debut post!",3,1785492720.0,"it ain’t all that scary… Ive had over 100 episodes of sleep paralysis approximately. I could get 5 times per that night. some would talk, others would also stand there, others would move very rapidly and whatnot. I’ve had many close encounters and btw they reek of rotten sardines, extremely bad. sometimes they would join me in my bed, wrap their hands on me sometimes very tight. I will often share my experiences and what I do every time . this is my debut post!",INTRUDER,"The narrative focuses on sensed entities that stand, talk, and wrap their hands around the sleeper, emphasizing a presence rather than chest pressure alone.",
1vbkku3,Sleepparalysis,281,"Just had a bad one...
Yeah tonight was bad. This is the second time this week. First time I had sleep paralysis this week, something hovering over my bed and when I threw my wallet at it, the wallet looked like it for sucked into a black hole in my wall. Its strange because I wasn't really paralyzed... Only for a moment. Tonight though was different. It was a small child-sized thing, or something pretending to be one. It climbed into bed, spooned me, and pressed its cheek against mine. I could only catch a glimpse of part of its face out of the corner of my eye because it was so close. But it was definitely something child-sized, with a round face.

It absolutely refused to let me go, spooning me from the side. I struggled with it for what felt like a long time. It kept whispering weird, mocking things in my ear. I can only remember fragments of what it said, but I remember the tone. It felt like it was deliberately trying to make me uncomfortable and mock me. At one point it said ""you wanted to cuddle here I am."" 

Whenever I tried to kick it away with my feet, it would grab my feet and painfully scrape at them. I wasn't so much terrified as I was angry. I was nervous about what it might do next, but mostly I wanted to fight this intruder and get it off me.

Nothing about the experience felt pleasant or benevolent. It felt deliberately malicious and intent on messing with me. I know it's just my brain. But man can I create some freaky stuff in my sleep.",7,1785485131.0,"Just had a bad one... Yeah tonight was bad. This is the second time this week. First time I had sleep paralysis this week, something hovering over my bed and when I threw my wallet at it, the wallet looked like it for sucked into a black hole in my wall. Its strange because I wasn't really paralyzed... Only for a moment. Tonight though was different. It was a small child-sized thing, or something pretending to be one. It climbed into bed, spooned me, and pressed its cheek against mine. I could only catch a glimpse of part of its face out of the corner of my eye because it was so close. But it was definitely something child-sized, with a round face. It absolutely refused to let me go, spooning me from the side. I struggled with it for what felt like a long time. It kept whispering weird, mocking things in my ear. I can only remember fragments of what it said, but I remember the tone. It felt like it was deliberately trying to make me uncomfortable and mock me. At one point it said ""you wanted to cuddle here I am."" Whenever I tried to kick it away with my feet, it would grab my feet and painfully scrape at them. I wasn't so much terrified as I was angry. I was nervous about what it might do next, but mostly I wanted to fight this intruder and get it off me. Nothing about the experience felt pleasant or benevolent. It felt deliberately malicious and intent on messing with me. I know it's just my brain. But man can I create some freaky stuff in my sleep.",INTRUDER,"The narrative focuses on a sensed malicious presence that climbs into the bed and interacts physically, with no chest pressure or movement sensations.",
1vbcffc,Sleepparalysis,86,"This happen to anybody else???
hey the other day i was getting ready to go to sleep at night, i wasnt really tired yet tho and i kept taking long blinks. i was still very aware of my surroundings tho, but then suddenly i blinked and woke up the next day, basically time skipped, very weird experience anyone else have something like this happen. what makes this weirder is that you can tell when your body's falling asleep and your mind drifting, none of that happened",3,1785460819.0,"This happen to anybody else??? hey the other day i was getting ready to go to sleep at night, i wasnt really tired yet tho and i kept taking long blinks. i was still very aware of my surroundings tho, but then suddenly i blinked and woke up the next day, basically time skipped, very weird experience anyone else have something like this happen. what makes this weirder is that you can tell when your body's falling asleep and your mind drifting, none of that happened",OTHER,"The narrative describes a sudden time skip without any mention of a presence, chest pressure, or movement sensations, so it does not fit the other categories.",Vague/Unclear
1vbbjfo,Sleepparalysis,112,"Every damn night it's happening I'm so tired
It first started in 2023 and the first time i had it I couldn't get myself to my bed out of fear for 4 days. Ever since then I have periods where it happens every single day for a month. Then it goes away for a week then the same cycle happens. Sometimes the breaks can be a bit longer 2 weeks was a record.

They literally happen almost every night.

No scary spooky guys thankfully. I'm still afraid some day that might change.. I'm actually so scared.

I just wanted to vent and say I just want a few nights of uninterrupted sleep..",2,1785458457.0,Every damn night it's happening I'm so tired It first started in 2023 and the first time i had it I couldn't get myself to my bed out of fear for 4 days. Ever since then I have periods where it happens every single day for a month. Then it goes away for a week then the same cycle happens. Sometimes the breaks can be a bit longer 2 weeks was a record. They literally happen almost every night. No scary spooky guys thankfully. I'm still afraid some day that might change.. I'm actually so scared. I just wanted to vent and say I just want a few nights of uninterrupted sleep..,OTHER,"The narrative expresses fear and sleep disruption but contains no mention of a sensed presence, chest pressure, or vestibular/motor sensations.",Vague/Unclear
1vb61bo,Sleepparalysis,250,"Is this sleep paralysis?
Just for context I was watching a french show and I felt really tired so i put my phone down and attempted to sleep. I closed my eyes, slept on my side. Then I started hearing voices in french (my show wasn’t on) and I went wait woah I can hear like true french but then I went oh wait why can I hear french that’s super weird. My eyes were closed but I could still see the surroundings in a very light way but when I clench my eyes shut then I can’t see anything. So I was clenching my eyes shut and listening to the loud french voices but they sound muffled. Whispered help. Listened to my heartbeat to calm down. (By the way I asked my friend when I say help can they hear me and they can so I am really talking). So when this happens I usually move in super slow motion like very very very slowly so I started off by finding my phone and holding it to “turn off the French voices” and then that stopped but it happened in super slow motion. Then I started slowly pulling up the blanket that I had on my legs. So then I finally woke up, the blanket nowhere to be seen, my phone on the table far away untouched where I left it and the sound turned off and the blanket not over me. What is this? Doesn’t seem like paralysis.",1,1785445016.0,"Is this sleep paralysis? Just for context I was watching a french show and I felt really tired so i put my phone down and attempted to sleep. I closed my eyes, slept on my side. Then I started hearing voices in french (my show wasn’t on) and I went wait woah I can hear like true french but then I went oh wait why can I hear french that’s super weird. My eyes were closed but I could still see the surroundings in a very light way but when I clench my eyes shut then I can’t see anything. So I was clenching my eyes shut and listening to the loud french voices but they sound muffled. Whispered help. Listened to my heartbeat to calm down. (By the way I asked my friend when I say help can they hear me and they can so I am really talking). So when this happens I usually move in super slow motion like very very very slowly so I started off by finding my phone and holding it to “turn off the French voices” and then that stopped but it happened in super slow motion. Then I started slowly pulling up the blanket that I had on my legs. So then I finally woke up, the blanket nowhere to be seen, my phone on the table far away untouched where I left it and the sound turned off and the blanket not over me. What is this? Doesn’t seem like paralysis.",OTHER,"The narrative focuses on auditory/visual hallucinations and slow-motion movement without a sensed intruder, chest pressure, or vestibular sensations",Vague/Unclear
1varbl2,Sleepparalysis,287,"Hat Man
I’ve had sleep paralysis since the 6th grade, so I’m pretty used to it. I hear and see things all the time during it, and it used to scare me, now not so much. I’d see these “shadow figures” who looked like tall men, I’d hear loud whispered gibberish, screams, not being able to make out any sound, not being able to move my body apart from my eyes, etc. But despite many years of having sleep paralysis, last night was the first time I saw what people call “The Hat Man”. I was falling asleep and I then had sleep paralysis, nothing new, so I thought nothing of it. I know not to open my eyes since I always see things, but hearing whispers and other voices/sounds around you makes it hard not too. So out of instinct I opened my eyes. I have a desk in front of my bed including a chair, And there he was, sitting relaxed on the chair facing towards me. I could make out his tall, shadowy body, and of course, for the first time, his hat. Now usually when I have sleep paralysis and I see shadow people, I guess I could describe the feeling as not being scared because I’m so used to it, but feeling uneasy and unsettled. But when I saw the Hat Man for the first time I felt… at peace? For the first time I didn’t wiggle my toes as soon as possible to wake myself up from sleep paralysis. He felt somewhat comforting. I’m not sure what this means, or if it’s a fake urban legend. All I know is I saw him, and it felt different this time. Anyone relate?",2,1785411992.0,"Hat Man I’ve had sleep paralysis since the 6th grade, so I’m pretty used to it. I hear and see things all the time during it, and it used to scare me, now not so much. I’d see these “shadow figures” who looked like tall men, I’d hear loud whispered gibberish, screams, not being able to make out any sound, not being able to move my body apart from my eyes, etc. But despite many years of having sleep paralysis, last night was the first time I saw what people call “The Hat Man”. I was falling asleep and I then had sleep paralysis, nothing new, so I thought nothing of it. I know not to open my eyes since I always see things, but hearing whispers and other voices/sounds around you makes it hard not too. So out of instinct I opened my eyes. I have a desk in front of my bed including a chair, And there he was, sitting relaxed on the chair facing towards me. I could make out his tall, shadowy body, and of course, for the first time, his hat. Now usually when I have sleep paralysis and I see shadow people, I guess I could describe the feeling as not being scared because I’m so used to it, but feeling uneasy and unsettled. But when I saw the Hat Man for the first time I felt… at peace? For the first time I didn’t wiggle my toes as soon as possible to wake myself up from sleep paralysis. He felt somewhat comforting. I’m not sure what this means, or if it’s a fake urban legend. All I know is I saw him, and it felt different this time. Anyone relate?",INTRUDER,"The narrative centers on seeing a distinct shadowy figure (the Hat Man) and the associated presence, with no emphasis on chest pressure or movement sensations.",
1vaqqiy,Sleepparalysis,95,"I need help
This morning I was lying in bed but I like re-woke up and couldn’t move despite trying, it felt like I was trying to move but my body wasn’t trying to move and it was tingling a little and I heard like someone walking in or opening my door and saying something I didn’t understand despite the fact everyone was asleep and no one sleep walks it only lasted like 2 or 3 seconds so I really wanna know if this really was sleep paralysis or not because it’s never happened before",1,1785410254.0,"I need help This morning I was lying in bed but I like re-woke up and couldn’t move despite trying, it felt like I was trying to move but my body wasn’t trying to move and it was tingling a little and I heard like someone walking in or opening my door and saying something I didn’t understand despite the fact everyone was asleep and no one sleep walks it only lasted like 2 or 3 seconds so I really wanna know if this really was sleep paralysis or not because it’s never happened before",INTRUDER,"The narrative focuses on an inability to move and hearing a presence entering the room, emphasizing a sensed intruder rather than chest pressure or movement sensations.",
1vaq8vx,Sleepparalysis,156,"Extreme pain and electricity sensation!
I've never been a stranger to sleep paralysis. I've been having episodes since childhood, but mine seems very different from what most people describe.

For me, it never happens in the middle of the night. It only happens the moment I fall asleep.

Instead of seeing shadow figures or feeling like someone is in the room, I get an incredibly intense sensation that feels like someone is drilling into my back, neck, or another part of my body (usually my back). At the same time, it feels like I'm being electrocuted. The pain is excruciating—like a drill is boring through my body while electricity is surging through it.

I'm still fully aware that I'm in sleep paralysis, but the pain is so intense that it's hard to describe.

Has anyone else experienced sleep paralysis like this? Most stories I read focus on hallucinations, but mine is almost entirely about severe pain.",6,1785408779.0,"Extreme pain and electricity sensation! I've never been a stranger to sleep paralysis. I've been having episodes since childhood, but mine seems very different from what most people describe. For me, it never happens in the middle of the night. It only happens the moment I fall asleep. Instead of seeing shadow figures or feeling like someone is in the room, I get an incredibly intense sensation that feels like someone is drilling into my back, neck, or another part of my body (usually my back). At the same time, it feels like I'm being electrocuted. The pain is excruciating—like a drill is boring through my body while electricity is surging through it. I'm still fully aware that I'm in sleep paralysis, but the pain is so intense that it's hard to describe. Has anyone else experienced sleep paralysis like this? Most stories I read focus on hallucinations, but mine is almost entirely about severe pain.",OTHER,"The narrative focuses on intense localized pain and electric sensations, without a sensed intruder, chest pressure, or vestibular/motor phenomena.",Somatic/Physical
1vacj0e,Sleepparalysis,200,"Sleep Paralysis Nestled in False Awakening Loop
This morning I fell back asleep after being awake for a bit and I went into a false awakening loop where I dreamt that I woke up about 4 times. Each time before I would wake up again, I would fall through the ground in whatever I was doing in the original dream, and then I entered a state of what I believe was sleep paralysis, as I could then feel myself in my bed on my side (I was sleeping on my side), but I couldn’t move nor could I open my eyes. This lasted for about 10 seconds before I would then wake up again on my back in a new false awakening. This loop of falling through the ground and entering sleep paralysis and then ”waking up” happened about 3 times before I finally woke up for real, and about 30 minutes had passed since I went back to sleep. It wasn’t scary to me because I find that kind of stuff fascinating, and I’m curious if anyone else has experienced something like this where they repeatedly enter short bouts of sleep paralysis in something like a false awakening loop?",6,1785367265.0,"Sleep Paralysis Nestled in False Awakening Loop This morning I fell back asleep after being awake for a bit and I went into a false awakening loop where I dreamt that I woke up about 4 times. Each time before I would wake up again, I would fall through the ground in whatever I was doing in the original dream, and then I entered a state of what I believe was sleep paralysis, as I could then feel myself in my bed on my side (I was sleeping on my side), but I couldn’t move nor could I open my eyes. This lasted for about 10 seconds before I would then wake up again on my back in a new false awakening. This loop of falling through the ground and entering sleep paralysis and then ”waking up” happened about 3 times before I finally woke up for real, and about 30 minutes had passed since I went back to sleep. It wasn’t scary to me because I find that kind of stuff fascinating, and I’m curious if anyone else has experienced something like this where they repeatedly enter short bouts of sleep paralysis in something like a false awakening loop?",OTHER,"The narrative describes repeated false awakenings and paralysis without intruder, chest pressure, or a primary vestibular/motor sensation during the paralysis",Vague/Unclear
1vaa9ug,Sleepparalysis,655,"My sleep paralysis experment
I’ve always found sleep and all that are going in our heads while sleeping really interesting. I got this one story for you that I wrote down immediately after it happened, tho it was a long time ago now (spesifically 1.15.2020 at 9.16AM)

It started with a ”normal” goofy ass dream as they tend to be but all the sudden, I ”woke up”.  
I was laying on my bed, on my side while facing the door infront of me and I remember hearing two of my irl supervisors from work talking. The other one was behind me and the other in front of me. They were joking around about stuff and at first I thought it was funny, until it kinda hit me: ”WAIT A MINUTE! Why on earth are two of my bosses in my freaking bedroom!?”

Immediately when I asked myself that, my ”boss” infront of me turned into a some kind of demonic creature and in a blink of an eye it attacked me and started clawing the crap out of me. I started screaming in panic until I noticed that A) my vocal chords are not working (turning my ”screams” into some weird grunting) and B) I couldn’t move. I obiviously didnt feel any pain and it felt more like tingling. Then I realized that I’m on a sleep paralysis and I stopped panicing. Immediately the creature disappeared as I calmed down and then it was just me quietly laying in my bed.

I figured that maybe I should try to wake myself up. First I started to squirm myself awake but that didn’t work. My whole body was pins and neeldes (not alot but a bit) and I started to do some tests about what I can do out of curiousity.

I could:

1. make some noise but I couldnt speak,
2. move my wrist
3. move my mouth and jaws,
4. move my head just slighly and;
5. move my toes.

Now I came up with this brilliant plan to wake myself up: my hand was infront of my face, so I slowly started to work my index finger towards my mouth, and after working on it for a while, I managed to get my fingertip in between my teeth. Then I bit it. I felt nothing. I bit harder — nothing. I remember biting my figer so hard, that I heard this little crunch sound. I figured that I might just end up messing up my finger.

Then I decided to give up and stared at my bedrooms wall for a moment. I didn’t feel scared but rather calm.

Then I thought to myself: ”Just for the science, if I now look at the direction where that creature used to be and imagine it appearing in front of me, would it happen?”. I’ve always had this theory that anything that you imagine in a half sleep state (such as sleep paralysis) will then appear and if you lets say feel scared and your imagination does you some tricks, it will also appear as a visual hallusination.

Well, let’s get down to business then! Immediately when I thought of that, the same creature appeared and started clawing me. Again, I paniced and shouted in my head ”BAD IDEA! BAD IDEA!” While I was ”screaming” (or in this case grunting) and thinking that my neighbors are definitely hearing me. I quickly calmed myself down, and the creature disappeared.

I thought that I could aswell just close my eyes and continue sleeping, but for some reason I decided to try to wiggle myself awake and this time actually managed to do so. Immediately I grabbed my phone and started to write this down.

And what comes to my finger, I propably didn’t bite into it nearly as hard as I thought, because I felt no pain or anything else afterwards.

I learned quite a lot that night.",1,1785361879.0,"My sleep paralysis experment I’ve always found sleep and all that are going in our heads while sleeping really interesting. I got this one story for you that I wrote down immediately after it happened, tho it was a long time ago now (spesifically 1.15.2020 at 9.16AM) It started with a ”normal” goofy ass dream as they tend to be but all the sudden, I ”woke up”. I was laying on my bed, on my side while facing the door infront of me and I remember hearing two of my irl supervisors from work talking. The other one was behind me and the other in front of me. They were joking around about stuff and at first I thought it was funny, until it kinda hit me: ”WAIT A MINUTE! Why on earth are two of my bosses in my freaking bedroom!?” Immediately when I asked myself that, my ”boss” infront of me turned into a some kind of demonic creature and in a blink of an eye it attacked me and started clawing the crap out of me. I started screaming in panic until I noticed that A) my vocal chords are not working (turning my ”screams” into some weird grunting) and B) I couldn’t move. I obiviously didnt feel any pain and it felt more like tingling. Then I realized that I’m on a sleep paralysis and I stopped panicing. Immediately the creature disappeared as I calmed down and then it was just me quietly laying in my bed. I figured that maybe I should try to wake myself up. First I started to squirm myself awake but that didn’t work. My whole body was pins and neeldes (not alot but a bit) and I started to do some tests about what I can do out of curiousity. I could: 1. make some noise but I couldnt speak, 2. move my wrist 3. move my mouth and jaws, 4. move my head just slighly and; 5. move my toes. Now I came up with this brilliant plan to wake myself up: my hand was infront of my face, so I slowly started to work my index finger towards my mouth, and after working on it for a while, I managed to get my fingertip in between my teeth. Then I bit it. I felt nothing. I bit harder — nothing. I remember biting my figer so hard, that I heard this little crunch sound. I figured that I might just end up messing up my finger. Then I decided to give up and stared at my bedrooms wall for a moment. I didn’t feel scared but rather calm. Then I thought to myself: ”Just for the science, if I now look at the direction where that creature used to be and imagine it appearing in front of me, would it happen?”. I’ve always had this theory that anything that you imagine in a half sleep state (such as sleep paralysis) will then appear and if you lets say feel scared and your imagination does you some tricks, it will also appear as a visual hallusination. Well, let’s get down to business then! Immediately when I thought of that, the same creature appeared and started clawing me. Again, I paniced and shouted in my head ”BAD IDEA! BAD IDEA!” While I was ”screaming” (or in this case grunting) and thinking that my neighbors are definitely hearing me. I quickly calmed myself down, and the creature disappeared. I thought that I could aswell just close my eyes and continue sleeping, but for some reason I decided to try to wiggle myself awake and this time actually managed to do so. Immediately I grabbed my phone and started to write this down. And what comes to my finger, I propably didn’t bite into it nearly as hard as I thought, because I felt no pain or anything else afterwards. I learned quite a lot that night.",INTRUDER,"The story centers on a demonic figure appearing and attacking, emphasizing a sensed presence rather than chest pressure or movement sensations.",
1va3050,Sleepparalysis,122,"Sitting up during sleep?
Does anyone else sit up when sleeping? I sit up and then wake up and then go back to sleep sitting up. Sometimes I have sleep paralysis as I’m waking up and it’s really uncomfortable because my mind will be fighting to lay back down but I’m stuck in the sitting position. Like yesterday I was taking a nap and I sat up and saw something on my floor and thought I should go get it, but I couldn’t move, but then when I woke up there was nothing there so it must have been a hallucination.

It’s leading to really restless and sleepless nights, and I’m always exhausted when I wake up. Any advice is welcome too",1,1785346263.0,"Sitting up during sleep? Does anyone else sit up when sleeping? I sit up and then wake up and then go back to sleep sitting up. Sometimes I have sleep paralysis as I’m waking up and it’s really uncomfortable because my mind will be fighting to lay back down but I’m stuck in the sitting position. Like yesterday I was taking a nap and I sat up and saw something on my floor and thought I should go get it, but I couldn’t move, but then when I woke up there was nothing there so it must have been a hallucination. It’s leading to really restless and sleepless nights, and I’m always exhausted when I wake up. Any advice is welcome too",OTHER,"The narrative describes paralysis and a vague visual hallucination of an object, without clear intruder presence, chest pressure, or vestibular sensations.",Vague/Unclear
1v9x75z,Sleepparalysis,93,"Sleep Paralysis and Ambien
I’ve always has sleep paralysis and sleep disturbances since a child, Sleep walking/talking/terrors and I’ve started taking Ambien for the last 4-5 months or so and I tried one night without it and had terrible terrible reoccurring intense sleep paralysis and panic the whole night. I’m going in for a sleep study soon and I am anxious I have put myself in a spot where I can’t stop taking the Ambien due to how badly the sleep paralysis gets when not taking it. Any advice? Has anyone had this?",1,1785333939.0,"Sleep Paralysis and Ambien I’ve always has sleep paralysis and sleep disturbances since a child, Sleep walking/talking/terrors and I’ve started taking Ambien for the last 4-5 months or so and I tried one night without it and had terrible terrible reoccurring intense sleep paralysis and panic the whole night. I’m going in for a sleep study soon and I am anxious I have put myself in a spot where I can’t stop taking the Ambien due to how badly the sleep paralysis gets when not taking it. Any advice? Has anyone had this?",OTHER,"The narrative is a general discussion and request for advice without specific intruder, chest pressure, or vestibular details.",Vague/Unclear
1v9sy63,Sleepparalysis,272,"Sleeping with a blanket of any kind triggers SP. Anyone else?
I've had sleep paralysis since I was about 11, but they have gotten extremely frequent and sensitive for the past \~2 years. I was having an episode up to thrice a night almost every day of  the week until I was put on mirtazapine which has significantly reduced it, but I still can not in any way sleep through the night if:

\- I have even the thinnest blanket anywhere on my upper body (i.e above legs)  
\- I get a little startled in my sleep (i.e something like a pillow falling off my bed because I turn a lot, my cat getting into my room)  


My paralysis is also often linked to/preceeded by having extremely vivid dreams, about after dream 4 everything starts ""melting"" and I wake up into paralysis. They're mostly not nightmares but distressing just by being so overwhelming. Sometimes I can't tell if I dreamt of paralysis or not until I woke up and have another paralysis. I hallucinate sight rarely and sound even more rarely, it's mostly tactile or on the absurd belief level. 

I've seen people mention heavy blankets etc. causing episodes but never just light blankets. I do not have a history of apnea but I do have reduced lung capacity if that means anything. 

I don't know how to deal with winter time when it comes because of this. Even wearing clothes beyond underwear also increase the chance that I wake up in paralysis. Has anyone dealt with this??? and could you find a solution/workaround to not freezing your ass off at night???",2,1785323032.0,"Sleeping with a blanket of any kind triggers SP. Anyone else? I've had sleep paralysis since I was about 11, but they have gotten extremely frequent and sensitive for the past \~2 years. I was having an episode up to thrice a night almost every day of the week until I was put on mirtazapine which has significantly reduced it, but I still can not in any way sleep through the night if: \- I have even the thinnest blanket anywhere on my upper body (i.e above legs) \- I get a little startled in my sleep (i.e something like a pillow falling off my bed because I turn a lot, my cat getting into my room) My paralysis is also often linked to/preceeded by having extremely vivid dreams, about after dream 4 everything starts ""melting"" and I wake up into paralysis. They're mostly not nightmares but distressing just by being so overwhelming. Sometimes I can't tell if I dreamt of paralysis or not until I woke up and have another paralysis. I hallucinate sight rarely and sound even more rarely, it's mostly tactile or on the absurd belief level. I've seen people mention heavy blankets etc. causing episodes but never just light blankets. I do not have a history of apnea but I do have reduced lung capacity if that means anything. I don't know how to deal with winter time when it comes because of this. Even wearing clothes beyond underwear also increase the chance that I wake up in paralysis. Has anyone dealt with this??? and could you find a solution/workaround to not freezing your ass off at night???",OTHER,"The narrative describes triggers and general experiences without a clear focus on an intruder, chest pressure, or vestibular sensations.",Vague/Unclear
